imu_ax, imu_ay, kf_ax, kf_ay, kf_vx, kf_w, kf_x, kf_y, stamp, 
0.0008162856101989746, -0.002294003963470459, 0.0006117053014084586, -4.5479564602354944e-12, 1.0178124815448556e-05, -4.468363812293319e-07, -2.0356249630897127e-06, 0.0, 1731679154085107214, 
-0.008135437965393066, -0.007778644561767578, -0.00495155411579693, 1.5956744398701088e-11, -7.496069518369032e-05, -2.1286814856238017e-07, 1.2308618145889008e-05, -7.99603591984883e-14, 1731679154128402384, 
0.005299210548400879, 0.00883781909942627, 0.0014134465746061808, -9.071371616167794e-09, -9.804850208062853e-05, 9.251922695063821e-05, 1.3861005778142179e-05, -3.503574478557151e-13, 1731679154177127805, 
-0.32089728116989136, 0.0951530933380127, -0.1978224163567201, -0.00041869806197120677, -0.0047862430192950455, 0.08747948240055638, 0.0003124380378137663, 8.575968517785395e-11, 1731679154228055544, 
0.2100244164466858, -0.2501753568649292, 0.05411422414681932, -0.008992339827961906, -0.020872754339375965, 0.4308171160237375, -0.0006662434448088464, -3.396480216183999e-06, 1731679154275172177, 
-0.43208277225494385, 0.04537546634674072, -0.24562647646801372, 0.011436002421045062, 0.013776913450969715, 0.8300845078067989, -0.00010255140542444682, -2.394696835633543e-05, 1731679154337611941, 
-0.3295210003852844, -0.19399070739746094, -0.2982398406417279, -0.05399290799150029, -0.05699804645759246, 0.9472764655482001, -0.001216972544958208, -6.641812292099832e-05, 1731679154527082808, 
0.20485442876815796, -0.06102794408798218, 0.013623302983195917, -0.021609968141826023, -0.021341130585081428, 1.0125971562599654, -0.004483335945629586, -0.0007835202623387256, 1731679154628075361, 
-0.1676347851753235, 0.2566736340522766, -0.09581591328574528, 0.1125254370618362, 0.11134212389253895, 1.0106277222665458, -0.0011400323213372502, -5.2843939560225095e-05, 1731679154737236881, 
0.25910061597824097, 0.12358081340789795, 0.12329088732772474, 0.1029794542430582, 0.0995671726592473, 1.0342711507485391, 0.00871350345019494, 0.004095472249449349, 1731679154836109874, 
-0.29474568367004395, 0.060930490493774414, -0.13546553918818027, 0.07970320562348798, 0.07915388179019618, 1.0069399481221633, 0.016818669946073273, 0.008480387987505923, 1731679154927075901, 
0.3136441707611084, 0.5928320288658142, 0.1457741278328039, 0.2942658730553845, 0.2690595242709716, 1.0936831686323336, 0.028972686672943, 0.01652508031219657, 1731679155028065872, 
0.22276240587234497, 0.5542277693748474, 0.19375134045637296, 0.3735940694230541, 0.3053375122850713, 1.223544616667528, 0.049763324098553545, 0.03428813401374821, 1731679155126632092, 
-0.40877366065979004, -0.3752020001411438, -0.1851860906156322, -0.043924873284871754, -0.03398941183846499, 1.2923104846187143, 0.06181342205919935, 0.04807391448978908, 1731679155236585299, 
0.44499021768569946, 0.7666046023368835, 0.21084876673657635, 0.31679552996687416, 0.30924275079695634, 1.0244234639306933, 0.06784820213809811, 0.05533247804211862, 1731679155328138935, 
0.3558312654495239, 0.7976648211479187, 0.3020327381313872, 0.48061511957327624, 0.4134960018893798, 1.162321080197173, 0.0838686409012623, 0.08416798708071728, 1731679155428102655, 
-0.5338384509086609, 0.3429567813873291, -0.21722715821282312, 0.3463587991637809, 0.2787210111770927, 1.2426720099107016, 0.09765085150215735, 0.117530304362529, 1731679155538023999, 
0.00981515645980835, 0.22809356451034546, -0.0782498118262005, 0.25144058033759314, 0.19173829103550985, 1.3113738470268648, 0.10426676311074659, 0.14164210954513595, 1731679155635930430, 
-0.07676255702972412, -0.5204088091850281, -0.08292415123822515, -0.11521799338351359, -0.09636488221986564, 1.1956429637991233, 0.10568670437729479, 0.15269605055984814, 1731679155728072235, 
0.1895153522491455, 0.8939219117164612, 0.0942555718127505, 0.3388506887394598, 0.3515025393582712, 0.9640063749129393, 0.1065452446979079, 0.15763120785592552, 1731679155828081296, 
0.28732573986053467, -0.006341218948364258, 0.20961169660388806, 0.1612803635727252, 0.16522343338128262, 0.9761349239156768, 0.10398554697415889, 0.18653349481510262, 1731679155925317345, 
-0.03671532869338989, -0.2761152982711792, 0.05429152567720319, 0.017260156025048136, 0.017862012089238516, 0.9663052481890891, 0.10191870845575508, 0.19712412072956167, 1731679156036129034, 
-0.2558760643005371, 0.15660226345062256, -0.135060274524383, 0.1350124854558891, 0.13651810977551337, 0.9889712484145871, 0.10039626722569116, 0.20308924611665513, 1731679156129089060, 
0.14448058605194092, 0.0539814829826355, 0.03764076546698464, 0.12752756041253563, 0.1278391522488691, 0.9975626259181781, 0.09543906890501483, 0.21570041379955385, 1731679156229082830, 
-0.2203180193901062, -0.13483572006225586, -0.12299729318867134, 0.058963036464000064, 0.06096881947444413, 0.967101495030836, 0.09061412698095009, 0.22501792279425414, 1731679156326309864, 
-0.46461790800094604, 0.01420682668685913, -0.332955732031864, 0.10064368162186293, 0.09934539943960878, 1.0130683674289656, 0.08627807782645186, 0.2319306828337487, 1731679156436122394, 
-0.14138156175613403, -0.07946377992630005, -0.21451221819442148, 0.07544313103338958, 0.07398296111482333, 1.0197365703746304, 0.08004336557117281, 0.23979073372590728, 1731679156529099054, 
-0.2805778980255127, 0.243516743183136, -0.25270870169221926, 0.18991590929742241, 0.18819993159164605, 1.0091178444713766, 0.07152558926959969, 0.2488270246763194, 1731679156630092952, 
0.026665866374969482, 0.264754056930542, -0.07887075100493787, 0.23193344510774297, 0.23250570316949046, 0.9975387353774702, 0.05542721586923519, 0.26243102967796206, 1731679156739353229, 
0.9599158763885498, 0.3299584984779358, 0.5636221335952398, 0.28302071562110026, 0.2805709949662014, 1.0087311970903976, 0.03536384982446333, 0.2760777071406014, 1731679156836489943, 
-0.6255483627319336, -0.15807801485061646, -0.17470961893665948, 0.12157460255406441, 0.1256893681324296, 0.9672624213208729, 0.016287622612493245, 0.2862670898624261, 1731679156929091583, 
0.3070680499076843, 0.11990386247634888, 0.12414625467875873, 0.17467726304487, 0.1799589918866098, 0.9706503754751652, 0.002738932753282002, 0.2920288460241628, 1731679157030090629, 
-0.28447896242141724, 0.7165919542312622, -0.12392181943428804, 0.4302319997905969, 0.41399997941226524, 1.0392077806413793, -0.022337943572691754, 0.300168565454492, 1731679157138783901, 
0.23509091138839722, 0.20095235109329224, 0.09564585648748702, 0.2929417541403188, 0.29136123298472405, 1.005424610334751, -0.0586836857822095, 0.30742909921119344, 1731679157237315819, 
-0.10442334413528442, 0.5458014011383057, -0.026213046074392107, 0.400067290487513, 0.38754765988634005, 1.032304750865596, -0.09082661622282, 0.310769172788812, 1731679157328099381, 
-0.15735644102096558, -0.3091273307800293, -0.11236267435612692, 0.1101472406440425, 0.11727472612149337, 0.9392240279455695, -0.12048622667650291, 0.31040675309873317, 1731679157429106445, 
0.23138505220413208, 0.006570219993591309, 0.10085506113141086, 0.1482886085415177, 0.15599430525356106, 0.9506027050185062, -0.1335624784296977, 0.3091038578145163, 1731679157538342134, 
-0.4432096481323242, 0.8204301595687866, -0.229399240937035, 0.459398919630178, 0.465001873969329, 0.9879506843890254, -0.1603857443825751, 0.30422812974325514, 1731679157618157679, 
0.1499125361442566, -0.014407873153686523, 0.0013510147898780633, 0.2302054725711207, 0.26153917578011376, 0.8801949913792779, -0.19840336438835277, 0.29261918288535405, 1731679157728096843, 
-0.6562124490737915, 0.046064138412475586, -0.40548699953841794, 0.19585728394316054, 0.21821213707612483, 0.8975544924654414, -0.22157995750082476, 0.28322081601380816, 1731679157827110098, 
0.03830993175506592, 0.3774875998497009, -0.12871261710840515, 0.29321254679692926, 0.32320579455251996, 0.907200773435648, -0.2457674137969535, 0.27100350399488543, 1731679157937992036, 
-0.14099067449569702, 0.19064080715179443, -0.13658057196733148, 0.25290000768709425, 0.2964813931305781, 0.8530046523887943, -0.2729464809339162, 0.25390183897746943, 1731679158037374579, 
0.10610586404800415, 0.41182535886764526, 0.014883152453323334, 0.32303460098430664, 0.36759087396766654, 0.8787884135902703, -0.29893151163742854, 0.23420964410933404, 1731679158128100380, 
-0.10570013523101807, 0.6876823306083679, -0.057317951808806514, 0.4362819539095855, 0.4893549812750213, 0.8915449328273858, -0.32996312517010823, 0.2063003182933948, 1731679158228101896, 
-0.0784827470779419, 0.22317910194396973, -0.07255882635055474, 0.30145404599013587, 0.3704303233656875, 0.8137941927949066, -0.3604126641785861, 0.17329819566520285, 1731679158338096800, 
0.11060607433319092, -0.12085896730422974, 0.03788266363576592, 0.171271917098066, 0.22317618812745274, 0.7674291712530508, -0.37958883380735164, 0.1483134839956106, 1731679158418651487, 
0.2374228835105896, 0.32210594415664673, 0.16298967265192374, 0.2641172822931576, 0.3275314498980534, 0.806387546525276, -0.3939429253234127, 0.1265813087878167, 1731679158528120562, 
-0.507385790348053, 0.816795289516449, -0.24758024873570347, 0.44639365048368423, 0.5254665020091104, 0.8495187586209726, -0.41402172814473515, 0.09066377023570112, 1731679158628127716, 
-0.5238503813743591, -0.11195111274719238, -0.42245366042305194, 0.1960004712679253, 0.27375757860584526, 0.7159636356592917, -0.43186779615175686, 0.05055295160935517, 1731679158739132908, 
-0.19969815015792847, 0.5415401458740234, -0.2816334041261682, 0.3107318155047524, 0.4054614161915916, 0.7663659305079799, -0.44349451207878987, 0.01846409265346855, 1731679158838547201, 
-0.23665523529052734, -0.4311563968658447, -0.25811384530013665, 0.09128602599439746, 0.15039498322644784, 0.6069752064598407, -0.45176129813901894, -0.011850689558893297, 1731679158928122632, 
0.22190403938293457, -0.5384577512741089, 0.037167309636824075, 0.03927131964751771, 0.06278638859399902, 0.6254750516303972, -0.45388049216217835, -0.023224631180110485, 1731679159028124155, 
-0.1336461901664734, 0.3186291456222534, -0.0642487548256243, 0.19661669669415957, 0.2899447380037059, 0.6781178304799811, -0.4564819403236022, -0.03982150735489632, 1731679159138092954, 
-0.30403441190719604, 0.9416378140449524, -0.20753229321848182, 0.43063306699606535, 0.5471964397283846, 0.7869807544980034, -0.45981760172177844, -0.08136101885047953, 1731679159218587045, 
0.2749059200286865, -0.1881999373435974, 0.08586365237666455, 0.17756908382468325, 0.2820918861510364, 0.6294724965240935, -0.4595996527107636, -0.12445181881863135, 1731679159328116399, 
-0.22932153940200806, -0.060217320919036865, -0.10943401919423285, 0.1506527509527398, 0.2557619430235235, 0.5890350580378709, -0.45768909919805595, -0.15170109363632464, 1731679159428221057, 
-0.002593398094177246, 0.21208888292312622, -0.04204170424514912, 0.20606486242841676, 0.32161923975296913, 0.6407106197586067, -0.45394616967838636, -0.18021592505268055, 1731679159527891594, 
-0.2856820821762085, 0.24975377321243286, -0.19185478491833513, 0.23132199786571367, 0.35224731468642556, 0.65670336783586, -0.4474481178480018, -0.21368835538672418, 1731679159638465643, 
-0.6089576482772827, 0.5861075520515442, -0.44713091456708476, 0.32644459839291023, 0.4578978013037623, 0.7129202137757197, -0.4370157308900951, -0.25388874701810843, 1731679159728147269, 
0.06820410490036011, -0.17405366897583008, -0.13163201383085343, 0.15753612876728992, 0.26697139235975337, 0.5900861788030248, -0.42445338850052144, -0.290543933479778, 1731679159828131408, 
-0.4988529682159424, 0.49949944019317627, -0.3555671379743389, 0.26001407953942707, 0.40681061871397906, 0.6391526365791305, -0.4116965236842582, -0.32206391246238386, 1731679159928034843, 
-0.3695831298828125, 0.33455508947372437, -0.363660825345635, 0.25943470840993144, 0.4022811049268047, 0.6449090082347659, -0.39331574616390774, -0.360022244139075, 1731679160038179135, 
0.2874845862388611, 0.3041316866874695, 0.03902968583095573, 0.25239925944571284, 0.40044940562307474, 0.630290008928831, -0.3730188512075033, -0.39581191672442656, 1731679160128131468, 
-0.17894864082336426, 0.07566624879837036, -0.0967424633330963, 0.19801883078046356, 0.341192261699759, 0.580373159092088, -0.35240305228580704, -0.42723359582937215, 1731679160228141898, 
0.15675008296966553, 0.41986173391342163, 0.0613665621806381, 0.2594890945644248, 0.4177078104764975, 0.6212215526169221, -0.3299362697690977, -0.4575304889108156, 1731679160328368114, 
-0.3317183256149292, -0.5402257442474365, -0.18588908001442522, 0.08178216756206365, 0.17601909562227241, 0.4646209962217044, -0.3098485136904929, -0.48099673372719703, 1731679160438217140, 
-0.013282179832458496, -0.08121126890182495, -0.07787326351802006, 0.11651496839466217, 0.23610896342320167, 0.493479648995031, -0.2954769487902985, -0.49639936638156573, 1731679160528132856, 
-0.5424957871437073, 0.14793330430984497, -0.3633162516505804, 0.16443803498714124, 0.3100923700411938, 0.5302872655824995, -0.275209842126793, -0.5161757908156772, 1731679160628180581, 
-0.09526711702346802, 0.6638598442077637, -0.19460530018123737, 0.2858624169080886, 0.45219151006533465, 0.6321711278187995, -0.24549829392090197, -0.5423657053845251, 1731679160739648906, 
-0.21430236101150513, 0.08176672458648682, -0.20799468776660973, 0.19834969377574316, 0.36583223296391126, 0.5421875819108318, -0.21214272625092798, -0.5681011916755283, 1731679160838229923, 
-0.6416252255439758, 0.21428000926971436, -0.47552712427104654, 0.18903870211212181, 0.3585138767308961, 0.5272841984133743, -0.1808789235770123, -0.5896050614301475, 1731679160928187205, 
-0.5738196969032288, -0.07402878999710083, -0.5376737073962563, 0.09884019950541151, 0.23282205369660453, 0.4245310868798208, -0.15297698842737326, -0.6065285278122525, 1731679161028144567, 
1.498955249786377, 0.05959975719451904, 0.7212091800180718, 0.10359825416784613, 0.25086825032304605, 0.4129588101899759, -0.1316829804262281, -0.6180966128567161, 1731679161127516364, 
0.18178266286849976, -0.6145117878913879, 0.38552682827965074, 0.0639084613177616, 0.1769327231745743, 0.361202044320004, -0.11522897638857957, -0.626074612956156, 1731679161238477832, 
0.054416775703430176, 0.3315306305885315, 0.18355682473203325, 0.15423065095539476, 0.3564301740789225, 0.4327092995253658, -0.09195405737242004, -0.6366564005429769, 1731679161328160148, 
0.005494236946105957, 0.9271368980407715, 0.07652513225006805, 0.34018427066133083, 0.5399714084094241, 0.6300042286746262, -0.05067449460558759, -0.6533746528090933, 1731679161428131621, 
0.07653838396072388, -0.029642999172210693, 0.07344352394596593, 0.18792099527875444, 0.3739576160087907, 0.5025195028367518, -0.00801369015414685, -0.6674894705922089, 1731679161528286267, 
-0.48302751779556274, 0.16186100244522095, -0.27043364750232557, 0.18013919380830928, 0.36739189575147696, 0.490318909838351, 0.028196607418885303, -0.6775069460300447, 1731679161619278536, 
-0.03292715549468994, 0.24497336149215698, -0.1229422023488829, 0.18772147128004468, 0.38744417102786893, 0.48451231252758176, 0.06615406349742683, -0.6860233432612126, 1731679161728356825, 
-0.18670862913131714, 0.2813001871109009, -0.16166304629447334, 0.20398361198623455, 0.41189471808288575, 0.4952324053477832, 0.1062593081739672, -0.6930069789609697, 1731679161828262381, 
0.48596644401550293, 0.7577321529388428, 0.24065341916418856, 0.31964267580465056, 0.5288002517543138, 0.6044677073133466, 0.15255049817142677, -0.6988058470138547, 1731679161939274346, 
0.0740962028503418, 0.41312175989151, 0.13682761083854372, 0.2879004071496507, 0.49838840515585425, 0.577662730856709, 0.20283877602282957, -0.7021365342734773, 1731679162038388033, 
0.13739436864852905, -0.7662636041641235, 0.1312136411542165, 0.057730984227789404, 0.18931985752775538, 0.30493887425055616, 0.23834479863982885, -0.7020252709318492, 1731679162128280692, 
-0.12865573167800903, -0.37165969610214233, -0.02865303495017607, 0.08320843713246828, 0.2340803856317068, 0.35546949783048154, 0.2588097047849453, -0.7012977918163384, 1731679162228151038, 
-0.15747106075286865, -0.3979376554489136, -0.1083142713915069, 0.08405020688814539, 0.22421576710534946, 0.3748630525553262, 0.2818612675405011, -0.6996648683058795, 1731679162327700603, 
0.5024043321609497, 0.29248905181884766, 0.27141563419232023, 0.1610721090057073, 0.3623563953643809, 0.44451294655289647, 0.31127479026998967, -0.6966105210458172, 1731679162438253733, 
1.0047811269760132, -0.22307586669921875, 0.7227800899069283, 0.11219840182738183, 0.3048718728656499, 0.3680182129389979, 0.34156956370042724, -0.6919545133281878, 1731679162528282780, 
-0.3859512209892273, 0.255889356136322, 0.038582377864564865, 0.1694203845730087, 0.4014494900718652, 0.4220216708773999, 0.37423565051976837, -0.685811968387409, 1731679162628182618, 
0.19484353065490723, -0.16155129671096802, 0.13374626964985653, 0.12274286617774513, 0.33012578992211183, 0.371806353592382, 0.4092329647087701, -0.6776003192425161, 1731679162727984564, 
-0.09412199258804321, -0.6193246245384216, -0.009131186446614148, 0.0585232822282431, 0.22228487746654263, 0.26328053844801824, 0.435475798035413, -0.6703172965037256, 1731679162838416341, 
-0.06417989730834961, -0.4356948137283325, -0.04273403711944077, 0.07126732097635931, 0.2430990118916076, 0.2931617056844962, 0.45781572650359037, -0.6634337004740106, 1731679162928182083, 
0.007631361484527588, -0.009977340698242188, -0.010284554830258502, 0.10958900719191059, 0.3162191269783039, 0.3465603369382194, 0.4848057199158142, -0.6543205863678199, 1731679163028194284, 
-0.06718641519546509, -0.412234365940094, -0.04634440517463862, 0.07650745856233786, 0.262449525411137, 0.29151303833560405, 0.5117915791297, -0.644152148481485, 1731679163128490169, 
0.15598493814468384, -0.19633889198303223, 0.0792753818410381, 0.09473551163627639, 0.2965546742379032, 0.3194537799133704, 0.5377199700468022, -0.6334746977125993, 1731679163237862287, 
-0.16070252656936646, 0.43504226207733154, -0.06706975609891377, 0.17017651266027614, 0.4097678181106053, 0.4152998482041403, 0.5703895865905593, -0.6188884173299337, 1731679163328235667, 
0.4452204704284668, 0.5956682562828064, 0.25085701065404253, 0.25204810781346787, 0.49305183414908826, 0.511200020680288, 0.6107255039274225, -0.5989477447527383, 1731679163428187958, 
0.1439111828804016, 0.18897956609725952, 0.18350966868662086, 0.19666011995586988, 0.4448848454482534, 0.44204724428794756, 0.6506982941333171, -0.5767783648626448, 1731679163538603158, 
0.172976553440094, 0.2049347162246704, 0.17643115156470882, 0.18179037052571845, 0.4313823487874438, 0.4214135581502258, 0.6872008815215535, -0.5541983096878669, 1731679163638205713, 
0.49107277393341064, -0.3323550820350647, 0.3683885954954487, 0.09672251810700588, 0.3198485210251292, 0.3024010171971588, 0.7173181150293608, -0.5336532978845817, 1731679163728182011, 
-0.1884060502052307, -0.08234298229217529, 0.0243141277360458, 0.11019336983065264, 0.3416973705379707, 0.3224881995935861, 0.7430012525043179, -0.5147992122616614, 1731679163828193941, 
-0.03747677803039551, 0.00029343366622924805, -0.013662310498414654, 0.11773902486020421, 0.3543132682854178, 0.33230204849500383, 0.7703927418046512, -0.4933462274749886, 1731679163927952047, 
-0.3991358280181885, 0.08549553155899048, -0.2514049140668093, 0.1341410340705403, 0.3691245279768618, 0.36340319838878, 0.7986209384375077, -0.46971139857370947, 1731679164038177803, 
0.1362990140914917, 0.5307556390762329, -0.01013752239014265, 0.20437461877195706, 0.4494065605762272, 0.4547655434978715, 0.8298078736620339, -0.4416665799383763, 1731679164128262023, 
0.19184798002243042, 1.0514109134674072, 0.11760499806342845, 0.36733235271373266, 0.61897632342279, 0.5934513790163625, 0.8682345467461056, -0.4041861849803945, 1731679164228108385, 
0.10927975177764893, 0.1934635043144226, 0.10992516542270804, 0.22118447552374584, 0.49003002702543336, 0.4513692290784173, 0.9055184468552656, -0.36380240188631285, 1731679164328336391, 
-0.1444362998008728, -0.2898322343826294, -0.05006682936150576, 0.10127330668475114, 0.3436779259644432, 0.29467504030278874, 0.9326532865666868, -0.3311556697938539, 1731679164437778612, 
-0.05691331624984741, 0.29670506715774536, -0.053084169672781005, 0.15319259766648252, 0.4043796055803635, 0.3788336393637392, 0.9553034483108025, -0.301576507257513, 1731679164528285547, 
-0.16171181201934814, -0.47135668992996216, -0.12225973263782361, 0.06916393507889355, 0.2810124923416136, 0.24612405840952523, 0.9755174311293664, -0.27340976068500955, 1731679164628539264, 
0.3387688398361206, -0.442544162273407, 0.1625537269852225, 0.07166756375358503, 0.27565921751001804, 0.25998609587934596, 0.9908923121871643, -0.25035517058904166, 1731679164727705899, 
0.017021358013153076, 0.2268388867378235, 0.07411830073422908, 0.13597539334057748, 0.37339711422372435, 0.36415759029971123, 1.0080474328655573, -0.22319705476273005, 1731679164838581214, 
0.3001074194908142, 0.34670883417129517, 0.21456397562068613, 0.172690624626621, 0.43235516489559317, 0.3994184380064547, 1.0283004726702025, -0.18883181671416824, 1731679164928179118, 
-0.03883683681488037, 0.41975343227386475, 0.05836660630740226, 0.20687411854643856, 0.46907740615699905, 0.4410234128334851, 1.049316679964971, -0.1497733246828563, 1731679165028302705, 
-0.0020981431007385254, 0.30814075469970703, 0.020772872934473115, 0.20148316386134013, 0.4602831930714034, 0.437737390576597, 1.0694869167307481, -0.10821688460077843, 1731679165127877149, 
-0.07146340608596802, 0.5201968550682068, -0.03547570293566757, 0.23099041681299806, 0.5021043373477592, 0.46004465532631583, 1.088663118620518, -0.06394934894532066, 1731679165238439780, 
0.05106240510940552, -0.4971652030944824, 0.014184076169339435, 0.07604582247513508, 0.289085337965486, 0.2630566565925741, 1.1028145085823082, -0.026833148040629824, 1731679165329253721, 
-0.2349715232849121, -0.1938217282295227, -0.1393318700133216, 0.08156777791766684, 0.3097777373216414, 0.2633106517689334, 1.1125986000230224, 0.0018776151408225101, 1731679165428192784, 
-0.2923736572265625, 0.09614920616149902, -0.23273698009507698, 0.1105686048068046, 0.35856913042501404, 0.3083606351604975, 1.1228641035598914, 0.03490519930789354, 1731679165527911554, 
-0.3810994029045105, -0.09827989339828491, -0.32425116584173036, 0.10141100087775305, 0.34133483138690623, 0.2971012377075656, 1.1326991921117722, 0.07002810507808856, 1731679165637959995, 
0.20261037349700928, 0.15913408994674683, 0.0021652510896521537, 0.12870161016370812, 0.3702385408845822, 0.3476180784858631, 1.1414558091719957, 0.105659010489834, 1731679165729582578, 
0.23044675588607788, 0.2041914463043213, 0.1437365217258886, 0.15246684844715544, 0.4050111950591393, 0.3764509482877193, 1.1494640612298404, 0.14339501020215373, 1731679165827751299, 
-0.17242956161499023, -0.044538140296936035, -0.05240727449922267, 0.12547946443442978, 0.3676745826290926, 0.34127859352467815, 1.1560500082137068, 0.1809776250283407, 1731679165928385106, 
-0.024250268936157227, 0.04546099901199341, -0.034911428164835064, 0.12594791359683394, 0.36867936443033544, 0.3416191025267775, 1.161134083937363, 0.21770336055139788, 1731679166038490494, 
-1.6442902088165283, 0.27196866273880005, -1.0289820465382429, 0.13732183207217294, 0.34857974757326926, 0.3939466736899532, 1.16509376429079, 0.25572346952743785, 1731679166128656715, 
-0.2734684348106384, 0.12115073204040527, -0.5622798805640351, 0.07784105982118525, 0.2572944537551163, 0.30253687432870824, 1.1674797897183922, 0.29032310013775225, 1731679166228538086, 
1.143634557723999, 0.053782761096954346, 0.49237799699048057, 0.08081795156421002, 0.27271639833486183, 0.2963443051377337, 1.16832548552617, 0.31745873113656603, 1731679166328148392, 
0.3433060050010681, 0.11995577812194824, 0.4009997095808836, 0.11718035733950508, 0.3604694639033199, 0.325077070525268, 1.168415262758713, 0.34707318290430367, 1731679166438265960, 
0.1859898567199707, 0.0582427978515625, 0.2679212620014516, 0.1146674182929701, 0.38311774812854205, 0.299300721131033, 1.167416898405631, 0.3824976506570415, 1731679166529604186, 
0.31822288036346436, 0.18788182735443115, 0.29895139629279777, 0.15623611178065017, 0.4064760897784031, 0.38436728680849286, 1.165035499575341, 0.4202303263994634, 1731679166627649945, 
-0.08109790086746216, 0.6690519452095032, 0.06570255921905419, 0.24512563165566262, 0.5177146190958457, 0.4734763566919518, 1.1607241993463868, 0.4657167789311799, 1731679166728970161, 
0.6148056983947754, 0.21797531843185425, 0.4035790226131698, 0.20048674823931173, 0.4561496627252675, 0.4395196678245974, 1.1541453992768502, 0.5124254256442902, 1731679166838388076, 
-0.10748493671417236, 0.1697675585746765, 0.08688524654620056, 0.17263661824109802, 0.43469454979963873, 0.39714465783081576, 1.14625281538506, 0.5549167233914912, 1731679166927759930, 
-0.31705617904663086, 0.04071354866027832, -0.1634003712483753, 0.1441730317613769, 0.39592460520421435, 0.3641426419734983, 1.1369331656208426, 0.5955170136603172, 1731679167027810302, 
-0.6044504046440125, -0.24939918518066406, -0.437288760802578, 0.08561863048787868, 0.29356955938228135, 0.2916468269667821, 1.12757514320865, 0.6301340609036534, 1731679167138100343, 
-0.544377863407135, 0.5286955237388611, -0.5019588280523989, 0.11624790361094492, 0.33220724268847523, 0.3499258555297528, 1.1177263292571302, 0.6625388607330434, 1731679167238582295, 
0.9848220348358154, 0.2965640425682068, 0.4161724707809815, 0.07908234511026058, 0.2851719212375433, 0.2773146274958338, 1.1075768356925821, 0.6921823777525498, 1731679167329089879, 
1.2874488830566406, 0.2944169044494629, 0.9545537566161459, 0.11957308193253834, 0.346324612061567, 0.34526302136240183, 1.0976188290672138, 0.7184225120828689, 1731679167428268316, 
-0.6749218702316284, -0.08456087112426758, -0.053315945732550496, 0.11255701686861058, 0.34622926213535016, 0.325093887715964, 1.0855261597376087, 0.7477473172272331, 1731679167538365029, 
0.3033798933029175, 0.15594422817230225, 0.1679119362856736, 0.13118125652655846, 0.39651484372015766, 0.3308356764044382, 1.0702111955420142, 0.7816825548686713, 1731679167618012940, 
0.18505996465682983, 0.059848904609680176, 0.17790228619051626, 0.13265044645461413, 0.3783362559721899, 0.35061521162900333, 1.0535638688475708, 0.8153633051748158, 1731679167730308576, 
-0.24745243787765503, 0.39653050899505615, -0.08394655278486526, 0.18049157225485674, 0.44172063307541454, 0.40861023628941867, 1.0342718099375137, 0.8514594246749835, 1731679167828363561, 
0.1895490288734436, 0.6093086004257202, 0.0863209861857901, 0.24047259409202054, 0.5116472644055419, 0.4699968334071208, 1.0100368388469894, 0.8929019592622315, 1731679167928171166, 
0.22877174615859985, 0.10776287317276001, 0.172805582404797, 0.1765333814923624, 0.4372317706548963, 0.4037524108276634, 0.9846821672404914, 0.9319501633452941, 1731679168037810615, 
0.26189446449279785, -0.5804537534713745, 0.22435562873566015, 0.05927139130964767, 0.2633589536389915, 0.22505933628099087, 0.9647844287097576, 0.959646607478182, 1731679168130480631, 
-0.6093786358833313, 0.06156200170516968, -0.2894678517278685, 0.10105979957744668, 0.34152805165627675, 0.295904828570732, 0.946534082553571, 0.9838108583486579, 1731679168228510352, 
-0.47242558002471924, -1.0320688486099243, -0.4047081971334322, 0.024270878943723127, 0.18384643252769362, 0.13201713304971036, 0.9292608100897825, 1.0052585455051468, 1731679168328303737, 
-0.2972366213798523, -0.39229536056518555, -0.33620098195719383, 0.05998671890319799, 0.2660205161172714, 0.22549658867947497, 0.91326071397233, 1.0245050433042824, 1731679168438519120, 
-0.5175129175186157, -0.00016319751739501953, -0.446657087835092, 0.09795320731118659, 0.3198402140139033, 0.3062566963731728, 0.8923503863021952, 1.0486937856080114, 1731679168529580584, 
0.0066779255867004395, 0.5704392194747925, -0.16405998417113077, 0.18987478444877265, 0.4288672967481453, 0.4427355172298849, 0.8652536828704165, 1.0784092388597408, 1731679168628586590, 
-0.1822577714920044, 0.06096649169921875, -0.17576973184914102, 0.145054183684682, 0.3861097665024078, 0.3756812084777385, 0.836052430447629, 1.1078941962763935, 1731679168728786192, 
-0.06792503595352173, -0.5341066122055054, -0.11110096717307284, 0.06458113215861383, 0.26179608883893746, 0.24668486242491391, 0.8118533176286136, 1.1302834834302808, 1731679168837704089, 
-0.378531277179718, -0.2537022829055786, -0.27539782409335384, 0.07974535405737394, 0.29855741069114594, 0.2671022429916153, 0.7899433143987826, 1.1495664448940612, 1731679168927760221, 
-0.22101306915283203, 0.28080499172210693, -0.23993677328928514, 0.14126422762012275, 0.3783381744608242, 0.37338084590972265, 0.7625952518747089, 1.1724348660599908, 1731679169024263808, 
0.18792277574539185, 0.27945810556411743, 0.02532073355627462, 0.1643318476750194, 0.41501373918647555, 0.3959672467642841, 0.7305530779593233, 1.197426818595179, 1731679169142241177, 
0.1529361605644226, -0.3946300148963928, 0.10202019246423666, 0.07811146389665348, 0.2992126739067334, 0.26105666874592803, 0.702048325579504, 1.2177236795937587, 1731679169234365289, 
-0.10532289743423462, 0.21070724725723267, -0.02480722871164051, 0.13206122230195264, 0.3764542527706499, 0.350802843453091, 0.6741701655706468, 1.2365135871153092, 1731679169332319914, 
-0.4403138756752014, 0.7350809574127197, -0.2791653334965176, 0.24419729402543675, 0.5003154826813706, 0.488086622298186, 0.6360129181152447, 1.2606121122885048, 1731679169424376074, 
0.23310071229934692, 0.611565887928009, 0.03834059545162488, 0.275900167058797, 0.5398817597957871, 0.5110381339113171, 0.5899687254488516, 1.286875974342867, 1731679169523872715, 
0.0029379725456237793, -0.019465088844299316, 0.014067951364157491, 0.16041950050868564, 0.4104216604947979, 0.39086509302478434, 0.5475777358987708, 1.3080670885828087, 1731679169634121448, 
0.2794189453125, 0.5753896236419678, 0.17945825422434525, 0.22773125959028662, 0.4962115118840923, 0.45893989586336176, 0.5068412520071262, 1.3264600985150328, 1731679169732527680, 
0.09667515754699707, -0.20874857902526855, 0.12565887454280694, 0.11149495467454779, 0.3652801190633654, 0.30523137957915164, 0.4673338764875822, 1.3420535076875557, 1731679169824389045, 
0.06552368402481079, 0.32147306203842163, 0.08939271123166528, 0.16223295677657318, 0.4247392989616579, 0.381958903198214, 0.43090868539744376, 1.355062775402504, 1731679169941684748, 
-0.4501243829727173, 0.36205875873565674, -0.24356655026685867, 0.19524770862804008, 0.44365810884579526, 0.44008596875641337, 0.38939279895451084, 1.3682848006813173, 1731679170034262040, 
-0.39876407384872437, 0.2550141215324402, -0.33917275867650687, 0.17853151704899017, 0.4332044479603728, 0.41211838403220014, 0.3454704442808548, 1.3802797632382222, 1731679170132252345, 
-0.45914173126220703, 0.1300906538963318, -0.41335585770379335, 0.15496293514393034, 0.39403440032793485, 0.39327260517092555, 0.30322777953860036, 1.3898908348106, 1731679170223259228, 
-0.21158736944198608, 1.0501998662948608, -0.2850045526729038, 0.3221451884724394, 0.5625644208945118, 0.5726369754422238, 0.2544367280868328, 1.39917723837191, 1731679170338496748, 
-0.0073130130767822266, 0.5406079292297363, -0.1135047798473712, 0.2906137480577071, 0.5362442998963578, 0.541942819930907, 0.19882175859623955, 1.406743922007683, 1731679170439425845, 
0.6542707681655884, 0.1894347071647644, 0.35939358404354926, 0.20934793090334985, 0.4606513222165059, 0.4544607185669955, 0.14918994172702477, 1.4105753969934098, 1731679170528264826, 
0.11624515056610107, 0.16647005081176758, 0.20807335287182865, 0.17499267573100274, 0.4323479508078244, 0.4047496360374465, 0.1057424035470441, 1.4118132459546857, 1731679170628276537, 
-0.6357299089431763, -0.007432997226715088, -0.3142590846189553, 0.13765417586924877, 0.3817518228030127, 0.3605855103939597, 0.06478369484991535, 1.4112459895770453, 1731679170738098440, 
-0.10352647304534912, 0.43784457445144653, -0.18257443466065468, 0.1882159918983735, 0.43729816175070946, 0.43040654720535915, 0.022662423065621967, 1.4091191706313457, 1731679170838268438, 
0.22929656505584717, 0.5141043663024902, 0.07288596110758452, 0.235189693148634, 0.48247381906283376, 0.4874662289561554, -0.02348004629397034, 1.4049196409594604, 1731679170928267727, 
-0.3455013036727905, 0.10723257064819336, -0.18680049659068707, 0.17765839608295406, 0.41536797798795133, 0.4277132699143877, -0.06817396566163017, 1.398701291493022, 1731679171028263347, 
-0.6366966962814331, -0.13201427459716797, -0.46582733560443834, 0.11382926700325943, 0.330491497292334, 0.3444241922586363, -0.10672795272263905, 1.3915506959172477, 1731679171128290228, 
-0.24985045194625854, 0.08316612243652344, -0.33129374738752265, 0.12865709541012632, 0.34981341435574365, 0.36778776950871345, -0.14203669894487148, 1.383649148106385, 1731679171238537770, 
-0.779127836227417, 0.33212488889694214, -0.6063860492284587, 0.17253280807158308, 0.39851326459631703, 0.4329411926761185, -0.18064863096173706, 1.3735963780009548, 1731679171329269422, 
0.11597561836242676, 0.16009575128555298, -0.1595729620713588, 0.14658126678618866, 0.38210714400910334, 0.38361299725580766, -0.22033506936679492, 1.3614882994509692, 1731679171424279713, 
-0.11889523267745972, -0.018401801586151123, -0.13468287779122132, 0.1185100441675656, 0.3543847344494599, 0.3344106916785569, -0.2559921522088228, 1.3489977139560385, 1731679171543300735, 
0.21162396669387817, -0.3479737639427185, 0.07843671101157429, 0.0757670392715611, 0.30131343867979726, 0.25145589125906187, -0.2868738613499522, 1.336898517590494, 1731679171633280832, 
0.952161431312561, 0.6028902530670166, 0.6202552530189995, 0.18528706158744768, 0.4373266097602059, 0.4236811971927433, -0.3192364157262266, 1.3230980675013617, 1731679171733317923, 
0.21768468618392944, 0.8966357111930847, 0.3732232162462469, 0.3252964452269603, 0.5878301652112728, 0.5533850837852886, -0.3636271669932116, 1.3024097473781089, 1731679171823283383, 
0.08851689100265503, 0.6952334642410278, 0.1970469852712212, 0.33253918599604215, 0.6041003192876055, 0.5504701377880317, -0.41495733263001394, 1.2752895448606578, 1731679171923905589, 
0.4374074339866638, -0.19115149974822998, 0.341351014446655, 0.1360712557129035, 0.3997195274181031, 0.3404168332526175, -0.4575351169427571, 1.2495660119240435, 1731679172033312617, 
-0.21842032670974731, -0.8461133241653442, -0.007955596522120745, 0.036753051645036616, 0.23644516622051567, 0.1554400634723048, -0.4842278663531584, 1.231780356496868, 1731679172133270236, 
-0.2923647165298462, -0.011528432369232178, -0.18198781779726264, 0.08725319730329133, 0.3237846705538531, 0.26947908668449155, -0.5072748943318924, 1.2155841164556203, 1731679172223276705, 
0.2910151481628418, 0.025750398635864258, 0.11086790928949347, 0.11196038602403095, 0.3499624101638183, 0.3199211765961436, -0.5346704185187299, 1.1953923388910366, 1731679172324468338, 
-0.19443172216415405, -0.37510794401168823, -0.0788755853632647, 0.07323307083694319, 0.29121716807482356, 0.2514723679275912, -0.5595921852311085, 1.1759151821557072, 1731679172438288193, 
0.25134456157684326, 0.6403477191925049, 0.12771336169793768, 0.17228907034347063, 0.4355537858406121, 0.39556324831606127, -0.5879711585854368, 1.1523859127941223, 1731679172530266383, 
-0.7386561036109924, 0.4265178442001343, -0.40697152388345315, 0.20413733789923014, 0.4655261462612973, 0.43850885613769364, -0.6222672134523773, 1.122027716560035, 1731679172628269092, 
0.2362259030342102, 0.23367857933044434, -0.00974884443622992, 0.17822133706883725, 0.42788657827240373, 0.4165153714061508, -0.6552530615304478, 1.0902245399848032, 1731679172729673941, 
0.05694705247879028, 0.6826131939888, 0.03319645798355035, 0.25934459330390064, 0.525189350733957, 0.4938115994573465, -0.6881665287116437, 1.055714862842126, 1731679172838324106, 
-0.45078831911087036, 0.6947299242019653, -0.2649720043752431, 0.3175460590594555, 0.5662625003301907, 0.5607753627942742, -0.7242111243319929, 1.0142496448508762, 1731679172929279389, 
0.12157189846038818, -0.06346994638442993, -0.028859499185879184, 0.1616879083689975, 0.3988703486357904, 0.4053645725283911, -0.7547089589748646, 0.975236592956569, 1731679173028289092, 
0.024105489253997803, 0.012365221977233887, 0.0032069400914824034, 0.13249879583833887, 0.3616114256541431, 0.3664120833534309, -0.7768025383324167, 0.9439192342410931, 1731679173130258968, 
-0.09404271841049194, 0.35352975130081177, -0.05572166497890831, 0.16973752901514277, 0.4250391856211484, 0.39934560096403793, -0.7983562752684707, 0.9107996904413379, 1731679173238302799, 
-0.05376875400543213, 0.6612617373466492, -0.05283968524298848, 0.2562752754924434, 0.5133124696736192, 0.4992578412431546, -0.8224901352638452, 0.8702478778828011, 1731679173329284106, 
0.08105254173278809, -0.15661174058914185, 0.027300250176418454, 0.1322991421072217, 0.3660683427079058, 0.36140558106874104, -0.8432943594747077, 0.8315403923025305, 1731679173428352422, 
-0.050512731075286865, 0.5641465783119202, -0.019064574468350595, 0.20308057523018383, 0.4617261747117791, 0.43982902930931245, -0.8612306674642178, 0.7944060574110932, 1731679173538903610, 
-0.3760393261909485, 0.8819959163665771, -0.2374790212829918, 0.3272893166007508, 0.5722825074037247, 0.5719016610966583, -0.882011285432578, 0.7464600377161205, 1731679173638364887, 
-0.45508843660354614, 0.469238817691803, -0.3722065485974782, 0.2859099862128241, 0.5293371696155006, 0.5401283012498501, -0.9019833749052124, 0.6934211835462522, 1731679173729301397, 
0.2063688039779663, 0.026434481143951416, -0.01653297790880892, 0.16416518472281377, 0.40797767311688854, 0.4023876685913135, -0.9166132676900091, 0.6469831166578986, 1731679173828297747, 
0.03361755609512329, 0.5071550011634827, 0.015650464808789136, 0.22135682131306997, 0.4720908662764995, 0.46888604954162194, -0.9276551939388175, 0.6047568159457526, 1731679173938404246, 
0.12116491794586182, 0.0766453742980957, 0.0796342941500994, 0.16515141296519772, 0.4087206981328867, 0.40406912035441456, -0.9369373442684306, 0.5618220137636354, 1731679174039328397, 
0.2693744897842407, -0.08528077602386475, 0.19570652565761495, 0.11918774221004533, 0.35678905054453847, 0.3340566142042158, -0.9433004092040923, 0.5245787925877214, 1731679174129296249, 
0.5906007885932922, -0.10781508684158325, 0.43911141212749577, 0.1145624781181132, 0.3511932297565019, 0.3262092444024178, -0.9476830809039284, 0.4911100012936779, 1731679174229305470, 
-0.06479352712631226, 0.2987931966781616, 0.1284476755559753, 0.16350280441016887, 0.42259326692372484, 0.386903477190705, -0.9513355268009495, 0.45412098858225836, 1731679174324645043, 
-0.06024062633514404, -0.5606893301010132, 0.009096238056694517, 0.06113983353506827, 0.2750844869939627, 0.2222583839720853, -0.9535256619272895, 0.42018881105589456, 1731679174438337267, 
-0.2131819725036621, 0.18230360746383667, -0.12671136118592663, 0.11421682292737727, 0.35691827680118576, 0.3200083334230583, -0.9545715355022495, 0.38821491699586824, 1731679174529347036, 
-0.5853049159049988, -0.2799662947654724, -0.41054597924164427, 0.08196154574227903, 0.30733904153857783, 0.26668120435324205, -0.954822359878732, 0.3538045357632453, 1731679174628294753, 
-0.0031771063804626465, 0.4390025734901428, -0.15666576860174314, 0.15372107341650112, 0.39876908172008163, 0.38548894702023706, -0.9539336308543794, 0.31641854804917957, 1731679174724460798, 
0.9172919392585754, 1.128786563873291, 0.5102795888406382, 0.3488646372901231, 0.5986254699134618, 0.5827761343675463, -0.951039171600346, 0.2662424191145851, 1731679174839332050, 
0.20117563009262085, 0.16060030460357666, 0.3164038590292806, 0.2125472229179118, 0.4801221563083111, 0.4426940521808044, -0.9456379446567039, 0.2154116742932203, 1731679174929296358, 
-0.19025564193725586, -0.01761758327484131, 0.0015217137770552336, 0.14825786612589692, 0.4010011594131394, 0.36971929543263815, -0.9388398292645546, 0.17259175163495014, 1731679175028304517, 
-0.17376887798309326, -0.8654414415359497, -0.11024499642176888, 0.035346901890944936, 0.20764513186940622, 0.17022745283128324, -0.9326920636974764, 0.1420434301479124, 1731679175125404292, 
-0.8333547115325928, -0.16363471746444702, -0.5553737085517985, 0.06320204799083319, 0.2750554717131011, 0.2297792790566865, -0.9269936727890127, 0.11680560052169402, 1731679175238975769, 
0.720552384853363, 0.734571099281311, 0.23591429283021192, 0.18820204124478515, 0.4143777685017078, 0.45417987052075526, -0.9181193639650055, 0.08164204792932778, 1731679175329307374, 
0.19505661725997925, -0.019536375999450684, 0.20943436286612696, 0.12905721252372462, 0.36627739852557656, 0.35234828314068845, -0.9077637607385625, 0.045669102664699715, 1731679175429314556, 
-0.26261138916015625, -0.43215399980545044, -0.08387728728352525, 0.07074340910198638, 0.2857413157983731, 0.24757850961918604, -0.8976680506290552, 0.015253862648869916, 1731679175539192467, 
-0.4970323443412781, -0.016619861125946045, -0.33800793550201214, 0.09875302152622656, 0.33345765106612857, 0.29614861500551587, -0.8866783344071131, -0.01500272341278561, 1731679175639500741, 
-0.15765827894210815, 0.03736764192581177, -0.22578361095280752, 0.11111942104492209, 0.34903784413991856, 0.3183592349956692, -0.8734912387631413, -0.04835062920619072, 1731679175729326356, 
0.0026012063026428223, 0.5847958922386169, -0.08259421316189272, 0.19341226043556553, 0.44979341584364296, 0.4300024269425932, -0.8570955182128873, -0.08639054765519136, 1731679175829565328, 
-0.2038792371749878, -0.14250195026397705, -0.15904841871173658, 0.11605621262904867, 0.3531972366040967, 0.32858754429932746, -0.8396846722619566, -0.12275729453935223, 1731679175925287555, 
0.21911346912384033, 0.15696626901626587, 0.07512267916682114, 0.13602219928912349, 0.37376596524303923, 0.3639234492650389, -0.8226578735000352, -0.15518923292389955, 1731679176039158308, 
-0.31651633977890015, -0.37485337257385254, -0.1682959519985489, 0.07935675575527386, 0.29231016783245445, 0.27148133896169957, -0.8061601114306164, -0.1840819614234115, 1731679176129312565, 
0.158741295337677, -0.16623860597610474, 0.03436536368038945, 0.08855772906867192, 0.31637563878860936, 0.27991323670734003, -0.7899819293902814, -0.21053319672695328, 1731679176229331601, 
0.0681372880935669, 0.7056066989898682, 0.05765893877549236, 0.19393044601933512, 0.4588196226166882, 0.42267251978747755, -0.76866111909128, -0.24343026235762266, 1731679176339361677, 
0.07867830991744995, 0.24426132440567017, 0.07020956379249241, 0.1879564482017713, 0.4396148951877251, 0.4275479522173829, -0.7431051616918923, -0.2797269529621354, 1731679176438957085, 
-0.4479103088378906, -0.09470045566558838, -0.2513103515483499, 0.11564301987167924, 0.35902504835532467, 0.3221029295906622, -0.7185501121243109, -0.31161179752133283, 1731679176529440069, 
-0.31593865156173706, 0.5737279653549194, -0.2891519862822064, 0.1957824062842692, 0.44870329545955145, 0.43632932555967396, -0.6919287608799022, -0.3438589327338446, 1731679176629436218, 
-0.0489046573638916, 0.5764381885528564, -0.13939235350394283, 0.2549437060435647, 0.4991518457126942, 0.5107538081514121, -0.6594728964226293, -0.38017792631188935, 1731679176739602456, 
0.1084560751914978, 0.82794189453125, 0.015527230952298826, 0.34690867056308755, 0.5900912846931625, 0.5878898393550656, -0.6209466401536053, -0.41943448898107444, 1731679176818770912, 
0.07496589422225952, 0.5944002270698547, 0.05193844441643362, 0.31663810445991547, 0.5764659533606918, 0.5492745974224025, -0.5777880183498465, -0.4586693023246846, 1731679176929425906, 
0.0008016228675842285, -0.03850889205932617, 0.01728058407061496, 0.16725149438618342, 0.4151269739513119, 0.40289237963563285, -0.5386716186091721, -0.4901179702785151, 1731679177029324433, 
-0.12891030311584473, 0.50362229347229, -0.0718858420288472, 0.21812840669264197, 0.4767259753828257, 0.4575551112302578, -0.5029239338616716, -0.5164210950842848, 1731679177125149561, 
0.32132840156555176, 0.12572038173675537, 0.17001190717816184, 0.1633560974315864, 0.4195494649850879, 0.38936075734810577, -0.4656318444867171, -0.5412965856704343, 1731679177240073515, 
-0.9504772424697876, 0.13339751958847046, -0.5225174432717206, 0.15369294818620624, 0.40117789765008893, 0.3831042265450492, -0.4300354765625459, -0.563044546459953, 1731679177329324083, 
-0.5732333660125732, 0.566074550151825, -0.551907501958446, 0.22030495374686448, 0.45656663560331295, 0.4825253020421668, -0.39027955010874976, -0.5853661839588332, 1731679177429337268, 
0.24408447742462158, 0.003274202346801758, -0.06081453926066116, 0.1436931214429099, 0.37901832846233696, 0.37911918936972644, -0.3511758551081844, -0.6049318491817175, 1731679177539007853, 
-0.3378159999847412, 0.066783607006073, -0.23191170834448022, 0.13328269537168316, 0.3708424830781041, 0.35940514221940467, -0.3162413301267317, -0.6206805388826491, 1731679177639955333, 
-0.1580684781074524, 0.02979588508605957, -0.1861186021592356, 0.12951034629645894, 0.35876266574253873, 0.3609917047204692, -0.2814325557901232, -0.6348455922837821, 1731679177729366400, 
0.09224718809127808, 0.6636959314346313, -0.011810119831550114, 0.2307028795134752, 0.4762410241679006, 0.48442462493978683, -0.24155021792465334, -0.6495598933268816, 1731679177829345039, 
0.22254341840744019, 0.43888211250305176, 0.13323363007761527, 0.23398341513497722, 0.4942367815837335, 0.47342371886042195, -0.19543288109725077, -0.664232617354798, 1731679177926434707, 
-0.26298433542251587, 0.14091438055038452, -0.11286286670877285, 0.17277839358691946, 0.4283953822523089, 0.40331525675773844, -0.1508532903105361, -0.6760192985434418, 1731679178019568863, 
-0.5609356164932251, 0.627062976360321, -0.38801651938727455, 0.24177482672395548, 0.5014726122851709, 0.4821296732880521, -0.1044461600179659, -0.6863526877778182, 1731679178129352825, 
-0.2397518754005432, 0.2804713845252991, -0.2967203296542199, 0.19441377045360952, 0.449390829369586, 0.4326162390236954, -0.05567277986199198, -0.6948171446545497, 1731679178229348278, 
0.13122230768203735, 0.5618419051170349, -0.031117662449010874, 0.24083646779763362, 0.49444475851517855, 0.48708468165557545, -0.008083696993101611, -0.7009365180748376, 1731679178339607488, 
0.2916397452354431, -0.12412846088409424, 0.16606617906168694, 0.12719542364343453, 0.37506772679084316, 0.3391265485083049, 0.035383987540733734, -0.7043123366779593, 1731679178435804755, 
-0.029330670833587646, 0.4736117720603943, 0.04646605035226867, 0.19285504141285556, 0.44857262127666475, 0.42993047784320515, 0.07555966950391335, -0.7059605014171392, 1731679178529339559, 
-0.38765496015548706, 0.49336278438568115, -0.22099649064761182, 0.2276787301653145, 0.48732378774286145, 0.4672021680284776, 0.12275976623687025, -0.7060735089831321, 1731679178629357552, 
-0.025117814540863037, 0.09378588199615479, -0.1010118341150291, 0.15967226219513642, 0.41196884228230635, 0.3875833456495217, 0.16869271052607376, -0.7040049844445846, 1731679178738830710, 
0.9557728171348572, -0.17351800203323364, 0.5505406376571237, 0.10272175347718825, 0.34712839505796755, 0.29591861380292606, 0.2058041140240419, -0.7006734620322127, 1731679178836328348, 
-0.22053253650665283, -0.11443531513214111, 0.07360932357205358, 0.10445787261828741, 0.3569898324233327, 0.29260741660120204, 0.23894859085959722, -0.696652703124215, 1731679178929400879, 
0.17888420820236206, -0.09081244468688965, 0.1384584106024624, 0.10505791050384182, 0.3550987432238938, 0.29585548388607397, 0.27354378101655236, -0.691395742909173, 1731679179028351479, 
-0.2922794222831726, -0.47853726148605347, -0.1289875897672581, 0.07079205629017246, 0.2851435390139343, 0.2482681407931639, 0.3045809939279614, -0.6857107071453151, 1731679179139584918, 
0.14652293920516968, -0.21462422609329224, 0.041728159651205576, 0.0814820688588706, 0.30584246916716223, 0.2664184247555741, 0.3338949135310396, -0.6795657921137168, 1731679179235118774, 
0.05287027359008789, -0.4504272937774658, 0.048125429985571615, 0.06213148523729866, 0.28259462933842644, 0.21986081399619223, 0.3622321563075498, -0.6728399034613326, 1731679179329400750, 
-0.2571294903755188, 0.41855812072753906, -0.13851522947817677, 0.14545164733003163, 0.39317470820530787, 0.3699415152972651, 0.3955603711692969, -0.6641408647286241, 1731679179429398388, 
-0.06868618726730347, 0.18128955364227295, -0.0949636897916526, 0.15441215286466012, 0.4043144453064251, 0.3819110463580716, 0.4345477484146379, -0.652645237977575, 1731679179539049209, 
0.08246666193008423, 0.019831478595733643, 0.014338794605437327, 0.12823363444434002, 0.38065935760747627, 0.33687240805090213, 0.47201541988973494, -0.6400309600476042, 1731679179637329192, 
-0.1320512890815735, 0.11127310991287231, -0.07596447815490572, 0.14157147591482985, 0.38674860935368993, 0.36605555260150835, 0.5079512020379625, -0.6264811954546329, 1731679179729406375, 
0.5551508069038391, 0.43805843591690063, 0.31508658375772647, 0.19232159642003233, 0.45472839112846025, 0.42293729657557644, 0.5464362533848689, -0.6104095926053941, 1731679179829383164, 
-0.2049732208251953, -0.003623783588409424, -0.007657659826177221, 0.13971219811039054, 0.3955421419372317, 0.3532169731046291, 0.5840600000204585, -0.5928944149456998, 1731679179939391448, 
0.01564466953277588, 0.1488000750541687, 0.006829510723912129, 0.14424843390740733, 0.40017061353947275, 0.3604673332495433, 0.6194489785560213, -0.5747375372643441, 1731679180037586575, 
-0.33329641819000244, 0.07730907201766968, -0.20338380607158485, 0.14394805925829526, 0.3900826921819314, 0.3690193442142238, 0.6542647358069065, -0.5552791452583745, 1731679180129391447, 
0.46911317110061646, 0.5224536657333374, 0.21364831764510323, 0.20756722588058577, 0.46934828129590184, 0.4422456289974661, 0.6911889928652961, -0.5328367314805248, 1731679180229360322, 
0.315391480922699, 0.7370285391807556, 0.27765087439647307, 0.29824665314082804, 0.5560728883819263, 0.5363445321146173, 0.7327758655731673, -0.5051441429710029, 1731679180339387783, 
0.15628916025161743, 0.6064137816429138, 0.20239897559558057, 0.31115625169956, 0.565667995710136, 0.5500686870377675, 0.7767517601864221, -0.47262454219773065, 1731679180437203666, 
0.1869734525680542, 0.4160082936286926, 0.1918136816190374, 0.2659961695664101, 0.5277851099813817, 0.5039857406659188, 0.8182464890992555, -0.43831155571485186, 1731679180529360925, 
-0.3521578311920166, 0.13475477695465088, -0.14596020297535633, 0.1788052633309283, 0.445856030057806, 0.40103811830860714, 0.8544674725723965, -0.4050813528540687, 1731679180629385158, 
0.39579057693481445, 0.40660953521728516, 0.18923771543961154, 0.21204335416954334, 0.4668819599829405, 0.4541690884293135, 0.8862728840924767, -0.3729109874899118, 1731679180738932221, 
0.06953036785125732, 0.8710579872131348, 0.11710778909327994, 0.3345453064763169, 0.5844337096638009, 0.5724264376686385, 0.9208847529332707, -0.33487149731559906, 1731679180836672942, 
-0.030619382858276367, -0.19127875566482544, 0.02198627252929493, 0.13496433252807058, 0.38084662104586176, 0.3543797557070044, 0.9516553154943609, -0.2975172467573916, 1731679180929369399, 
0.002145111560821533, 0.10096073150634766, 0.00977307808750385, 0.14219598097236322, 0.38455654543133755, 0.36976611804349657, 0.9743928897254157, -0.26699485098280434, 1731679181029391388, 
-0.24392133951187134, -0.20472562313079834, -0.1479569492830046, 0.10804408351674862, 0.32509153836330074, 0.3323497254364268, 0.994702466239775, -0.2375852445630665, 1731679181138729965, 
0.09150540828704834, -0.3879256248474121, -0.0006608938579056589, 0.07197333897189363, 0.27917247181160937, 0.25780958453691144, 1.0113531016434287, -0.21166176678435847, 1731679181218734733, 
0.3635184168815613, 0.6602587699890137, 0.22696075538493882, 0.1849015174866504, 0.4336418359036993, 0.4263922485738029, 1.0294904766104604, -0.1812934837835378, 1731679181329373779, 
-0.009632527828216553, 0.05920207500457764, 0.07971809886575737, 0.14430935165029785, 0.39078527195141555, 0.3692804258709093, 1.048938112006493, -0.1461981320253996, 1731679181430389823, 
-0.2655406594276428, 0.3495450019836426, -0.13282294432846056, 0.18114173115956697, 0.43528128512185615, 0.41614867753585294, 1.0675545987017325, -0.10916783696263112, 1731679181539359130, 
-0.4955088496208191, 0.7904409170150757, -0.35473996028963545, 0.2774928950626413, 0.5369494756186038, 0.5167951691226624, 1.0882920746987974, -0.06357900940779862, 1731679181618845730, 
0.15458542108535767, 0.20411670207977295, -0.04123227318818379, 0.18423737483156302, 0.4469515486422585, 0.4122088297741356, 1.1070617343953588, -0.016789731296639424, 1731679181730411428, 
-0.11673843860626221, 0.5895151495933533, -0.08684727317339314, 0.24147068342552286, 0.49733385144200737, 0.4855303589839793, 1.1224932906539764, 0.027868150006439035, 1731679181831460454, 
-0.30969947576522827, 0.17442446947097778, -0.22540025704537592, 0.1788009758970013, 0.43730200999267527, 0.40887297979717996, 1.136170174899617, 0.07358024462284289, 1731679181939740485, 
-0.28662586212158203, 0.11304986476898193, -0.26355327820672797, 0.1437708156011021, 0.3967290310811668, 0.362390458820968, 1.146664146194558, 0.11543274587616868, 1731679182038304443, 
-0.5733718872070312, 0.15425705909729004, -0.45449569504059295, 0.1437918780886157, 0.3914757315877714, 0.36730725939361747, 1.1551434696416156, 0.15581397063939917, 1731679182130380305, 
-0.18121665716171265, -0.6830353736877441, -0.28798407954549454, 0.047988414345178525, 0.2211091054380853, 0.21703499840089663, 1.1606595689815906, 0.18782913161062895, 1731679182231400621, 
-0.5431768298149109, 0.002715170383453369, -0.4435734149373758, 0.08878483654067497, 0.30520586751959233, 0.29090147336363226, 1.1647118360617366, 0.21604361003616362, 1731679182328138676, 
-0.44484400749206543, -0.021583497524261475, -0.44323894066429476, 0.10326978524601485, 0.3255632702586803, 0.31720342765927056, 1.168676148448701, 0.2500202593773972, 1731679182419660094, 
-0.2988341450691223, -0.23408031463623047, -0.3538106575454284, 0.07972430572548239, 0.29687394610008616, 0.26854598314465983, 1.1715664667677905, 0.2832511448173774, 1731679182530565775, 
-0.3088553547859192, -0.6932273507118225, -0.32668979262049375, 0.04185518496172491, 0.22593994095945857, 0.1852491630474276, 1.173174084782806, 0.3109964584089122, 1731679182631392555, 
-0.12966686487197876, -0.21938467025756836, -0.20331133774496374, 0.07392234756385363, 0.2917623502903816, 0.2533649303629516, 1.174124931359303, 0.3388173274488867, 1731679182728480117, 
-0.028265058994293213, -0.049156367778778076, -0.0943297790105303, 0.09636618234215112, 0.3228489593967595, 0.29848689158611663, 1.1744799514388728, 0.3706836500566355, 1731679182820925064, 
0.3303547501564026, -0.17250758409500122, 0.1680796455552777, 0.08691376781223602, 0.32321662151408526, 0.26890253169869377, 1.1739706307340505, 0.4029043764042696, 1731679182930392598, 
0.008549094200134277, 0.7400336861610413, 0.07176007125193358, 0.20475297387059027, 0.464417979693614, 0.44088080742625424, 1.172158312267462, 0.44233294415432745, 1731679183032474473, 
-0.460879921913147, -0.2307106852531433, -0.25945275207926866, 0.10165886764148398, 0.34013087374101486, 0.2988816231921654, 1.1689964187761568, 0.4820938448200633, 1731679183128420388, 
-0.02922999858856201, 0.34891897439956665, -0.1156849894853765, 0.15506548537852036, 0.40362202057528496, 0.38418489942026596, 1.164511212342999, 0.5201480198929852, 1731679183239418312, 
-0.10691487789154053, 0.7820788621902466, -0.10797872912538206, 0.25562954911267827, 0.5221992960410411, 0.4895248826466967, 1.1573947682466148, 0.5670354184074776, 1731679183329396522, 
-1.4503750801086426, -0.08022910356521606, -0.9395901877826474, 0.12197748630672879, 0.3613899080237672, 0.33752322242132676, 1.1484947579340072, 0.6125307193782933, 1731679183429423318, 
-0.6244056224822998, 0.24867135286331177, -0.7442803524269208, 0.1095362900824193, 0.3055236528365174, 0.358519836567387, 1.1396953849708984, 0.6491124805801711, 1731679183529536303, 
-0.28263455629348755, 0.2516378164291382, -0.45890217947140893, 0.07260049653606354, 0.25057548473221525, 0.289735033790916, 1.1313895123907318, 0.6792336207047579, 1731679183639536993, 
0.8581403493881226, 0.04372978210449219, 0.35475654568238885, 0.06632872763475978, 0.2262946110951768, 0.29310785313779614, 1.1240927315719031, 0.7023584389385746, 1731679183729402241, 
0.48910224437713623, -0.3193632960319519, 0.4371805740100248, 0.053412373020595455, 0.23171226954877397, 0.2305116303275968, 1.117287799494161, 0.722085677968393, 1731679183829527344, 
0.7833304405212402, -0.5554437041282654, 0.6507249127761965, 0.05879853962354142, 0.263577394506394, 0.22307884078471324, 1.1095694462693464, 0.7426442634778027, 1731679183929534986, 
-0.5450452566146851, -0.19354254007339478, -0.08768232725413916, 0.07464409955991544, 0.32820322084176823, 0.22743256257044014, 1.0991363583044194, 0.7688727844049552, 1731679184038996741, 
-0.2608407139778137, -0.039012610912323, -0.19409912103810867, 0.09327833310100413, 0.34875578060606405, 0.26746032119928176, 1.085500846877432, 0.8008722703009211, 1731679184129505022, 
-0.08540880680084229, -0.889562726020813, -0.12867593298521127, 0.030815049805752007, 0.23229666645397856, 0.13265386144427058, 1.073395015958525, 0.8273715722024433, 1731679184229413970, 
-0.42695432901382446, -0.10469430685043335, -0.311245781155808, 0.07247560833713756, 0.312098567749178, 0.23222025291504544, 1.0609059556095282, 0.8534967010114576, 1731679184329563703, 
0.2954026460647583, -0.024620771408081055, 0.06439244757370571, 0.0967277204337663, 0.3405405190715663, 0.28404173664114984, 1.0457462812728229, 0.8836298717211566, 1731679184419714605, 
-0.4906730055809021, -0.039073646068573, -0.27820834287513185, 0.10242919137495754, 0.35620402216045904, 0.28755764955628804, 1.0289980842557567, 0.9149390624283332, 1731679184529429091, 
-0.008729398250579834, -0.027225971221923828, -0.11135821852599012, 0.10860409780141635, 0.35387132720423703, 0.30690279051270924, 1.010769941738675, 0.9467295332575575, 1731679184629404374, 
-0.4187113642692566, -0.27985817193984985, -0.3017552267247394, 0.08279710114029071, 0.30839908639724034, 0.268473885923391, 0.9930023844090603, 0.9756760514284732, 1731679184729585700, 
0.20041626691818237, 0.36378318071365356, 0.0103720751976914, 0.14215290691272442, 0.3941935053243875, 0.36061707002439003, 0.9730637880346683, 1.006269021650118, 1731679184839628306, 
-0.5026757121086121, -0.18628287315368652, -0.3075950580604133, 0.09768234915971238, 0.3291818861847907, 0.29674278342544363, 0.9521010725556911, 1.0361845939531653, 1731679184929434434, 
-0.38037580251693726, -0.0780908465385437, -0.35194515212744226, 0.10266749019555924, 0.33234037706095726, 0.3089227108168327, 0.9311737432588779, 1.0641602406520743, 1731679185029585458, 
-0.07343906164169312, 0.5498606562614441, -0.17746137796222908, 0.17569598199406508, 0.44039864628838354, 0.39894759776126826, 0.9058175587703776, 1.0961069229984015, 1731679185129564657, 
-0.38365042209625244, 0.3732112646102905, -0.30431449592939663, 0.1895901092679529, 0.449464654936264, 0.4218131663653009, 0.8759927024397695, 1.1309324650953203, 1731679185219344922, 
-0.24478143453598022, 0.47915101051330566, -0.26662771241108046, 0.2217081454725216, 0.47088979440587414, 0.47082809631126693, 0.8435827183226354, 1.1657874407528346, 1731679185329557010, 
0.4967796206474304, 0.22876113653182983, 0.20474416103071869, 0.18655599278047494, 0.4436527819316844, 0.42049999544283634, 0.8106336363927034, 1.1980594916291853, 1731679185428979421, 
-0.10605055093765259, -0.4308241605758667, 0.009918578815782259, 0.07761362609091879, 0.3039717500676784, 0.25533170787626924, 0.7829850885432427, 1.2226776034837874, 1731679185528787502, 
0.06154227256774902, -0.43283241987228394, 0.0414891844374322, 0.0702606186544797, 0.2877522461210342, 0.24417053073124134, 0.7604095905302368, 1.2415712358139261, 1731679185639071431, 
0.12863695621490479, 0.050180017948150635, 0.09638388744377974, 0.10887566239413222, 0.35330370351040413, 0.308164509209358, 0.7354783379752601, 1.2614827880801869, 1731679185729446255, 
-0.2798575758934021, 0.4141719937324524, -0.13480430086595396, 0.17337606360834562, 0.4281621885577085, 0.404930814167346, 0.7039777433918966, 1.2852666137193944, 1731679185829448543, 
-0.35791414976119995, 0.12165731191635132, -0.2728479509834651, 0.15248672541230698, 0.3993737315577509, 0.3818146096327741, 0.66923308158083, 1.3094728155677628, 1731679185929099217, 
-0.3006478548049927, 0.1081424355506897, -0.28986872242689565, 0.14075443892595133, 0.38078193528546067, 0.36964578905360096, 0.6351096414880043, 1.3313301511494187, 1731679186039366072, 
-0.40894973278045654, 0.5939953327178955, -0.361394713228237, 0.21128689535038775, 0.46490988321326554, 0.45446849589442967, 0.5970559622957634, 1.353890069190998, 1731679186129452787, 
-0.4945616126060486, -0.08082389831542969, -0.44486555011386963, 0.1253898635719401, 0.36006694819868656, 0.34824041528729655, 0.5588384419519042, 1.3742267480031505, 1731679186229695412, 
0.49928951263427734, 0.2283860445022583, 0.13958277607820102, 0.14600358447651438, 0.39652353234372545, 0.3682091290106624, 0.523820277795377, 1.3912224240827373, 1731679186328662027, 
0.8314812779426575, 0.30155807733535767, 0.5671595291801743, 0.1696456817051159, 0.4285455942485309, 0.3958637866820106, 0.48768921921197256, 1.407135298791278, 1731679186420440065, 
-0.027779042720794678, 0.177928626537323, 0.1988366656925346, 0.1585616334463676, 0.4316082851572668, 0.36737393349293995, 0.4496757437019719, 1.4221642311551896, 1731679186529456277, 
0.19393712282180786, 0.881584644317627, 0.19770524381340238, 0.2883504861573824, 0.5561507206426589, 0.518475433825168, 0.40419859541130476, 1.4383319200804972, 1731679186629479984, 
0.4914703965187073, -0.03645533323287964, 0.3761723004246881, 0.16173027996673306, 0.4104125960498766, 0.3940675347768281, 0.3596545626459501, 1.4515838200064883, 1731679186740601252, 
0.5466242432594299, 0.3206632137298584, 0.48148569968269056, 0.17807358057042577, 0.45135646613708263, 0.3945298094308072, 0.3199474334615435, 1.4616463783920335, 1731679186820340873, 
-0.4443793296813965, 0.39186447858810425, -0.09070479072037635, 0.21000443321120074, 0.471374088697793, 0.44551543720053444, 0.2762693041292124, 1.4709379797290367, 1731679186929464156, 
-0.6174083948135376, 0.1833484172821045, -0.41666241194246356, 0.16907797057250393, 0.42256952008667475, 0.40011870836737995, 0.23091147742231005, 1.47856316214828, 1731679187029496399, 
0.029842793941497803, -0.18817389011383057, -0.14194513880259024, 0.09847180875910422, 0.32686191677848947, 0.30126424555552433, 0.19195648545617863, 1.4833508604393044, 1731679187130251447, 
-0.5268700122833252, 0.17689698934555054, -0.3785914001451972, 0.13188256967398168, 0.37106517858331584, 0.35541618369445005, 0.155929814841794, 1.4866653412705553, 1731679187238794898, 
0.2122061848640442, 0.6704895496368408, -0.011168461445335454, 0.2303413021739567, 0.4809938155481091, 0.47888620337347754, 0.11198131209951309, 1.4892675541369746, 1731679187329511757, 
-0.06097102165222168, 0.0023587942123413086, -0.0434629438122239, 0.14090256419211994, 0.3936682538736503, 0.35792208999749137, 0.06814023053775202, 1.4898354536457297, 1731679187429398520, 
0.08172023296356201, 0.06214439868927002, 0.033689866651440054, 0.1323431898229877, 0.38122188625736414, 0.3471552777891728, 0.029355011126433194, 1.4887877249671138, 1731679187540061965, 
0.14763367176055908, -0.1090882420539856, 0.10339742916476752, 0.10335215789433301, 0.3483672036705404, 0.29667591209899236, -0.006784601965964455, 1.4865141598848428, 1731679187638906759, 
0.12715953588485718, -0.14689117670059204, 0.1177600084660674, 0.09994049990909341, 0.3408885873594839, 0.29317643246208536, -0.040442315639540274, 1.4833214896130444, 1731679187729520609, 
0.22567623853683472, -0.26738327741622925, 0.18393396150499902, 0.08417832533017977, 0.326423824148531, 0.2578804581735325, -0.07276310233977247, 1.4792849879744305, 1731679187829380649, 
-0.6800086498260498, -0.09901446104049683, -0.3496401618264156, 0.10146786616710197, 0.3393369230040933, 0.29901805341082205, -0.10590263904614447, 1.4742729675187785, 1731679187929315042, 
-0.905511736869812, 0.01389765739440918, -0.6925072890242792, 0.10815186468976773, 0.3264720384224368, 0.3312745104063864, -0.14132685457024013, 1.467903959109995, 1731679188021553517, 
0.4311273694038391, -0.11700952053070068, 0.0022106652765342405, 0.09708426285523566, 0.30751874200027507, 0.31570193811195035, -0.17442086362927878, 1.4608207911801114, 1731679188130548426, 
-0.09356689453125, 0.2386692762374878, -0.05540607708974728, 0.13587668072080253, 0.3954564687553927, 0.343594533042898, -0.20924462496870855, 1.4522873458008263, 1731679188229455433, 
0.317876398563385, -0.17256027460098267, 0.17428188401903322, 0.10098050008856824, 0.34354749842264815, 0.29393461035870305, -0.24433617600843816, 1.4423105835511312, 1731679188329535253, 
-0.4642972946166992, 0.15431314706802368, -0.21962464972995677, 0.1322160309916211, 0.3841870810541647, 0.3441449166610071, -0.27909607509994666, 1.4313167588886682, 1731679188439148781, 
-0.1380109190940857, 0.23781698942184448, -0.1684752823547745, 0.15130361175767457, 0.40522927389425156, 0.3733777925361796, -0.31743336653651316, 1.4178069562086475, 1731679188530476321, 
-0.1305423378944397, -0.5015196204185486, -0.1468546993126221, 0.06997457203210566, 0.2870654678564183, 0.24375823589866574, -0.3502335138139074, 1.4048515087009688, 1731679188628787204, 
-0.09930378198623657, 0.42154455184936523, -0.11534888942040256, 0.15117012612887407, 0.3922456912436574, 0.38539652443235983, -0.38212866702102954, 1.3911864183303395, 1731679188739482840, 
-0.3254473805427551, 0.5625235438346863, -0.24346752238488736, 0.2160365636665706, 0.47358513508336875, 0.456172602690623, -0.42261465808367366, 1.3723186648917018, 1731679188819395682, 
-0.0935964584350586, 0.3051968216896057, -0.15071173517946818, 0.20849867617839768, 0.4613854206085132, 0.4518969756422134, -0.4650563749877682, 1.3502483820860227, 1731679188928910800, 
-0.38448524475097656, 0.254033625125885, -0.29525639755533806, 0.19257365029937548, 0.43586731839902987, 0.4418171360190792, -0.504853589772559, 1.3272108564726992, 1731679189028675009, 
0.08031851053237915, 0.08454513549804688, -0.06364595864296538, 0.15141230717517615, 0.3905234326147706, 0.3877163174598433, -0.5406692448230779, 1.304281194161188, 1731679189129251968, 
-0.16971290111541748, 0.2208957076072693, -0.12875480059102645, 0.16055537527103572, 0.4060393822150755, 0.39541823355940126, -0.5737422507743866, 1.281149732736354, 1731679189219497242, 
0.01893216371536255, 0.3158649802207947, -0.036894812054001525, 0.1819005388682915, 0.430422669274184, 0.42260910461576745, -0.6074052094846976, 1.2555585550970092, 1731679189329817711, 
0.18804550170898438, -0.02097564935684204, 0.10110662119870978, 0.13615285556721166, 0.37671371688066635, 0.36142261209549087, -0.6384323564629305, 1.2298887434648018, 1731679189428801720, 
-0.12574738264083862, 0.13542252779006958, -0.03887222226996742, 0.14446491807524808, 0.39261711742081085, 0.3679536924530195, -0.6669773958937205, 1.2043574474749852, 1731679189538667174, 
-0.0649532675743103, 0.6292266249656677, -0.053156465735843206, 0.23206048503689977, 0.4908492402847213, 0.47277344241643543, -0.699000578148794, 1.1735100669551919, 1731679189638859978, 
0.37582600116729736, 0.6615087985992432, 0.21281754282425835, 0.2982621470447876, 0.5455651789133097, 0.546703049558413, -0.7344535325305396, 1.1362626239300408, 1731679189729916498, 
0.2595158815383911, 0.2305315136909485, 0.23992911916323412, 0.21108945025385661, 0.4718139435924793, 0.44739977086429916, -0.767034242031124, 1.098452702520322, 1731679189829264676, 
0.3368633985519409, 0.3015981912612915, 0.2992691695599267, 0.20278631309731124, 0.4671558938512782, 0.43408702697834195, -0.7950104884156781, 1.062418670665187, 1731679189929276436, 
0.04450005292892456, 0.2644784450531006, 0.14122849326557627, 0.19626659674732508, 0.4562286822409746, 0.43019346303102307, -0.8209512895222166, 1.025758287644297, 1731679190018859104, 
-0.24523359537124634, -0.41557055711746216, -0.10052289429304392, 0.07970408478798283, 0.29811700114512063, 0.26735840117076587, -0.8415412562063245, 0.9939572478950135, 1731679190129292399, 
-0.29627692699432373, -0.34266865253448486, -0.2213530587061539, 0.07598023461970514, 0.2910407209731688, 0.2610639307298507, -0.8570966161147537, 0.9679453158189261, 1731679190228869298, 
0.7525773644447327, -0.023724079132080078, 0.38109933374119737, 0.10504711446366281, 0.32817039734359277, 0.32009929997945247, -0.8720741271975123, 0.941110994858805, 1731679190330493727, 
-0.3569384217262268, -0.013231039047241211, -0.07486646286702192, 0.12086454020566328, 0.3531479623505887, 0.34224900917217993, -0.887445795914933, 0.9117534743585985, 1731679190418847418, 
-0.3959917426109314, -0.2113996148109436, -0.27383192848587923, 0.090748011663189, 0.30784518119067705, 0.29478457746908937, -0.9021577377595299, 0.8813280531887493, 1731679190530079218, 
-0.3065328598022461, 0.1325777769088745, -0.292691939866101, 0.11525980655049528, 0.3568408834694389, 0.323000563808341, -0.9164436496937185, 0.8492554769902396, 1731679190629152262, 
0.05398213863372803, 0.6408219337463379, -0.07638081256048154, 0.21065612142127832, 0.45466262560772475, 0.46332403315470416, -0.9322109404675686, 0.8103159735844152, 1731679190730503909, 
0.06288880109786987, 0.13947123289108276, 0.008848188974463822, 0.1614148870708446, 0.4036562899917585, 0.399882006233918, -0.9468491824167129, 0.7699232132711065, 1731679190820644607, 
-0.07328367233276367, 0.2596759796142578, -0.04161847418779847, 0.1653526036940657, 0.41897973261304905, 0.39465537548275154, -0.9592479015838038, 0.7305074216273171, 1731679190930566444, 
0.33301228284835815, 0.6186471581459045, 0.19124384613286116, 0.24235671895334612, 0.4997280181649006, 0.4849772479104285, -0.9710934199226433, 0.6864860391281848, 1731679191029516899, 
0.519141435623169, -0.21756994724273682, 0.3908839652191416, 0.11649166774484204, 0.3604873439445292, 0.32315050639549625, -0.9801682083507547, 0.6460510040174836, 1731679191138896983, 
0.2876160144805908, 0.5507092475891113, 0.3284163009347365, 0.1966083043695352, 0.4702913361172053, 0.4180564030644544, -0.9871837908471275, 0.607208514016158, 1731679191219627256, 
0.01625347137451172, 0.06963640451431274, 0.1341034041115836, 0.15305904115245372, 0.41502258556202776, 0.3687968955838382, -0.9932492369448046, 0.5648579873940328, 1731679191329733184, 
0.12107938528060913, -0.35265427827835083, 0.12401457842312173, 0.07975454922985213, 0.3145182797254679, 0.2535768327979763, -0.9969549015873327, 0.52928618602591, 1731679191429483703, 
-0.3224014639854431, 0.1044454574584961, -0.15095958774994533, 0.10950571041198104, 0.3653850160938221, 0.29969951034845554, -0.9994254266880662, 0.4953081537221509, 1731679191539510341, 
-0.5655751824378967, 0.14648056030273438, -0.4063386811629799, 0.14236415795729257, 0.3867883371903739, 0.36806734916420747, -1.001136124624886, 0.4562792848808661, 1731679191618795316, 
-0.30113691091537476, -0.09211909770965576, -0.34158365219878295, 0.11101971026470543, 0.3347709844245461, 0.33162883114121294, -1.0015725271869635, 0.4183193937029838, 1731679191729780606, 
0.08898991346359253, 0.3793943524360657, -0.07367011004595103, 0.1690277587120018, 0.41596357924158034, 0.4063523037766609, -1.0006552243005216, 0.3792206975695589, 1731679191828922330, 
-0.254733681678772, 0.38261181116104126, -0.18476560336570824, 0.19546626333131498, 0.4491368536740684, 0.4352042406058306, -0.9979972336832555, 0.3352006150980573, 1731679191929669119, 
-0.16050249338150024, 0.47005438804626465, -0.1688891290696663, 0.2303587062580838, 0.4808122125111075, 0.47910327621464516, -0.9931187483836603, 0.2879329752455116, 1731679192018998903, 
-0.314439594745636, -0.11049997806549072, -0.260610149489442, 0.1254884531422339, 0.36256427258146906, 0.3461136759249667, -0.9867452827686511, 0.2450915752384618, 1731679192130022531, 
-0.25484269857406616, 0.5435609221458435, -0.2549655059717359, 0.19583545134306685, 0.4520197510559767, 0.43324534134973053, -0.9788767117238002, 0.2038165986302244, 1731679192229108340, 
0.23018687963485718, 0.32079941034317017, 0.045002874605980625, 0.19396426857655505, 0.4486324424746957, 0.4323456134973905, -0.9685183930334148, 0.15929911479968462, 1731679192338897305, 
-0.02370321750640869, -0.5520829558372498, -0.0007415225429560773, 0.06756039461475813, 0.26866395341218924, 0.25146802820661884, -0.9589049140908145, 0.12498924856113292, 1731679192419546168, 
-0.506467878818512, -0.0935254693031311, -0.3121243386615615, 0.0873246020078717, 0.3196413407676339, 0.27319558164209146, -0.9498511678357098, 0.09605842076312271, 1731679192530550102, 
-0.2284095287322998, 0.20318961143493652, -0.2588455959349086, 0.1347369070390085, 0.3787787907551989, 0.3557139690170448, -0.9379036290664621, 0.061324863554121006, 1731679192629630109, 
-0.31262701749801636, 0.10468947887420654, -0.29181202112970495, 0.1365480427159202, 0.36680404142588147, 0.3722642809089983, -0.9241337219063267, 0.02512668506377799, 1731679192730530427, 
-0.020373940467834473, 0.38216179609298706, -0.12250813226552071, 0.18138604028212002, 0.43410835082812926, 0.41783586963046876, -0.9079753794797738, -0.013248106706444626, 1731679192838698369, 
-0.05081909894943237, 0.4542396664619446, -0.07731640415946714, 0.2156815087392425, 0.4741358991602276, 0.4548938587465109, -0.8883740925876616, -0.05501510891768534, 1731679192930685958, 
-0.142081618309021, 0.30579453706741333, -0.1176136940539847, 0.20040130245373255, 0.44920967922622396, 0.44611973365963375, -0.8667162481826365, -0.09626610573231607, 1731679193029707853, 
-0.12511706352233887, 0.7218238115310669, -0.12050106206374922, 0.27855039573891677, 0.5346170781125459, 0.5210278667534022, -0.8416506971692896, -0.13938873647516017, 1731679193130530438, 
0.16050595045089722, 0.28537482023239136, 0.052254295417304364, 0.22160099093030938, 0.4807183198616599, 0.46097887634921264, -0.8137848617445035, -0.18217879716970697, 1731679193239461140, 
0.2665724754333496, 0.4282066822052002, 0.18466245722629154, 0.22888507405237213, 0.489450962656864, 0.46763637527634205, -0.7857223678411561, -0.22100251724926528, 1731679193330518478, 
-0.031173884868621826, -0.02365821599960327, 0.04945467728144004, 0.147761192999515, 0.4017599091996532, 0.3677848128098954, -0.7581697054942497, -0.2555123282775965, 1731679193429562711, 
-0.43992841243743896, -0.09041845798492432, -0.25366279998240565, 0.11947345234673397, 0.35532819415070915, 0.33623409094314766, -0.7330621473035526, -0.2844569413106252, 1731679193529650149, 
0.12884294986724854, -0.028553009033203125, -0.017057238522342644, 0.11546001840568645, 0.3535510304084047, 0.3265724279527986, -0.7083238256765038, -0.3110464255593295, 1731679193639005834, 
-0.12927037477493286, 0.5056456327438354, -0.08470640480794345, 0.1969497764587123, 0.4439977401607407, 0.44358283532571696, -0.6800021505455682, -0.3396463475574094, 1731679193730562980, 
0.03522062301635742, 0.4680525064468384, -0.009806078015850594, 0.22595487405237677, 0.4838168406706105, 0.46702564908485716, -0.6457138979316785, -0.37162285604925827, 1731679193825545139, 
-0.020691633224487305, 0.31795674562454224, -0.016860437678776933, 0.2035956931881508, 0.4646514287332565, 0.4381686584784601, -0.6094811949154036, -0.40236888019342604, 1731679193929997200, 
-0.015058398246765137, 0.17626953125, -0.016376181877688797, 0.1756773184967595, 0.42810322443131477, 0.4103620539885593, -0.5740975064098568, -0.4297123686641331, 1731679194039602874, 
0.5969259142875671, 0.09489977359771729, 0.36187872216431793, 0.155555810209789, 0.4008838876231945, 0.38803208363415603, -0.5409004308600773, -0.45313628343615425, 1731679194130545839, 
-0.26895207166671753, 0.13627588748931885, -0.028098517759565955, 0.14562853348083238, 0.4131237227229271, 0.35250586076486873, -0.5074481514392638, -0.47489564444790827, 1731679194225569714, 
0.47291994094848633, -0.3678203821182251, 0.27958865318124126, 0.08002618499138323, 0.3157564432092998, 0.253442761699522, -0.47666311242729603, -0.4931610762431531, 1731679194330026380, 
0.3431418538093567, 0.1160581111907959, 0.31946860845350744, 0.12021599200903822, 0.3787146064266709, 0.31743162257016144, -0.447733133515205, -0.5093386994532778, 1731679194422880000, 
-0.15349078178405762, -0.2880759835243225, 0.025903569340711974, 0.07900585550119904, 0.32437955509973093, 0.24355991078694395, -0.4176614566760409, -0.5249350780122981, 1731679194536641215, 
0.04258912801742554, 0.18018662929534912, 0.03716949838256848, 0.1273261654651358, 0.3809011576747041, 0.3342761314836288, -0.3860299271116659, -0.5403702755387989, 1731679194626644480, 
0.4173579216003418, 0.935316264629364, 0.2745425644982668, 0.28360945054539055, 0.5328593452410666, 0.5322407368441386, -0.3445400807506444, -0.5592114373268886, 1731679194741947019, 
0.2520575523376465, 0.2164883017539978, 0.2590511020213449, 0.20661487643234236, 0.46924547637695857, 0.44031298506618444, -0.2995449699107487, -0.5769866295697479, 1731679194836277269, 
0.10243737697601318, -0.18331974744796753, 0.15993774460219973, 0.1124739458675532, 0.36362981955269913, 0.30930891753021617, -0.2608562913867687, -0.5900774447528793, 1731679194933550408, 
-0.26203620433807373, -0.2804202437400818, -0.10148763560121415, 0.07836009161036869, 0.33336736537406003, 0.23505627649678168, -0.22737321002874405, -0.6001440702969595, 1731679195025578358, 
-0.11434274911880493, -0.6549814343452454, -0.11035890041809734, 0.05198592363504508, 0.2703793504400581, 0.19227031779769782, -0.1978412154852705, -0.6081244223104854, 1731679195126570730, 
-0.31218600273132324, -0.2394760251045227, -0.23408580880479074, 0.07265322655336505, 0.31118809634868955, 0.23347045534786892, -0.1685370915137701, -0.6154767067248533, 1731679195236222124, 
-0.18506133556365967, -0.2069646120071411, -0.20332817539957967, 0.0787749748965771, 0.31588410909136305, 0.24937935346976586, -0.1366864516764721, -0.6227130802942441, 1731679195334546025, 
-0.0052793025970458984, 0.08534091711044312, -0.07990968792826679, 0.11325370368573026, 0.36008955827225064, 0.31451537842178484, -0.10245595864058778, -0.629651209823723, 1731679195426557082, 
-0.2303122878074646, 0.3066539764404297, -0.17172688046005513, 0.15084319480620992, 0.41300034678448816, 0.3652374531417111, -0.06332417208619584, -0.6364386486343864, 1731679195526565210, 
0.09836030006408691, 0.3325310945510864, -0.004200296090103861, 0.17479464824758165, 0.4383875018689047, 0.39872178723711016, -0.020497316014922842, -0.6423244348558464, 1731679195636596563, 
-0.4680655598640442, 0.37151288986206055, -0.2904492494099723, 0.1981900067029366, 0.44796679884979596, 0.44242119552567566, 0.024231880757480333, -0.6467428323456712, 1731679195734564068, 
0.6112613081932068, 0.6246481537818909, 0.26805228195434894, 0.25596070611694577, 0.5144252190772678, 0.4975664034824465, 0.07263127442806977, -0.6494738623666065, 1731679195826595083, 
-0.11439543962478638, -0.04067319631576538, 0.029345942216193993, 0.14571715602978727, 0.400007907244679, 0.3642856888342815, 0.1176682490135531, -0.6497174453522856, 1731679195927569931, 
-0.18978559970855713, 0.23027539253234863, -0.10566794694958112, 0.1626070464453871, 0.4191261206691507, 0.38796686349631176, 0.15867470874672535, -0.6483200112687544, 1731679196023799575, 
-0.03576314449310303, -0.14020001888275146, -0.06363603758226064, 0.1067050230911472, 0.3456236962355766, 0.3087317919845901, 0.19737274006213112, -0.6454605555153264, 1731679196135646817, 
-0.1211317777633667, 0.3836122155189514, -0.09762269678879949, 0.16466934986914902, 0.42424707402646633, 0.3881449276863516, 0.2360906020331488, -0.6413686709942283, 1731679196225566026, 
-0.05449473857879639, 0.2197527289390564, -0.07094650295204308, 0.16140894915738624, 0.4170710121155356, 0.38700591618358093, 0.27817439777187186, -0.6353548101865136, 1731679196326648611, 
0.20662420988082886, 0.34817570447921753, 0.1010036029253159, 0.188530907259502, 0.44046272014864335, 0.42802920346102913, 0.32025245371320976, -0.6276670089288382, 1731679196435644179, 
0.003983974456787109, 0.3053783178329468, 0.04104099424054937, 0.18983459944133146, 0.4476570876190493, 0.4240625351225945, 0.36323212578721825, -0.6179905509139823, 1731679196535599457, 
0.06357395648956299, -0.12168395519256592, 0.053373279876593904, 0.11632640955267547, 0.36432982166986216, 0.3192887395808207, 0.4023452430923904, -0.6073566342533969, 1731679196626562882, 
0.04654926061630249, 0.6566423773765564, 0.051060189540587664, 0.21652671025714965, 0.47422752470798657, 0.45658823871617227, 0.44182991592825455, -0.5951305942992344, 1731679196725548697, 
0.4287608861923218, 0.3512265682220459, 0.28423032595793174, 0.20807291438972467, 0.47617033503158457, 0.43697160255882617, 0.4859150507867338, -0.579512022531227, 1731679196835511163, 
-0.208909809589386, 0.1910526156425476, -0.02146020330925441, 0.17240819307245595, 0.43888555352839775, 0.392831779689236, 0.5276370502500869, -0.5626006672131932, 1731679196935558654, 
-0.20796477794647217, 0.1711820363998413, -0.136947557960114, 0.1614149121873765, 0.4186975825333353, 0.3855167044689712, 0.5669921758966354, -0.544720343807657, 1731679197025576062, 
-0.35986781120300293, -0.35093212127685547, -0.27637753233032025, 0.08486333313307419, 0.3063592256843048, 0.27700596560628354, 0.600434602374127, -0.5279178153213051, 1731679197124676313, 
-0.25124406814575195, 0.3230857849121094, -0.25896998670313326, 0.135964524935433, 0.38501785637323765, 0.3531382316035455, 0.6321599286836502, -0.5107190752279286, 1731679197235250549, 
-0.1416851282119751, 0.7483230829238892, -0.18420010067351966, 0.24262711444817106, 0.49238607195827877, 0.49275787489929146, 0.6712776267861377, -0.48782590467698284, 1731679197335559844, 
0.0641281008720398, 0.19171136617660522, -0.03156512666391584, 0.18257215357355222, 0.4346075559213196, 0.42008508845760767, 0.7107564061114234, -0.46240083895698825, 1731679197425616884, 
0.03337043523788452, 0.3610283136367798, 0.008910413687967016, 0.19431023436883005, 0.4526332744990319, 0.4292884445667188, 0.7470088127855736, -0.4366554266213677, 1731679197530725191, 
-0.19979923963546753, 0.13777565956115723, -0.1206842050646515, 0.1584072861588162, 0.41406107503827316, 0.3825698567395499, 0.7815502851352268, -0.4098639795814014, 1731679197640648549, 
-0.5259016156196594, -0.15454953908920288, -0.37190016237234674, 0.10821071166886802, 0.34744800040980994, 0.31144433567392826, 0.8117622015502814, -0.38444497955949203, 1731679197730616882, 
1.1277986764907837, 0.08289003372192383, 0.5551637196689498, 0.13182895062547068, 0.3658734546081288, 0.36031296877404495, 0.8378490257861826, -0.3606994102997371, 1731679197830589413, 
-0.5426058769226074, -0.25086510181427, -0.12443014994063573, 0.09297556533257818, 0.32397226069294655, 0.28698619176133194, 0.8616580625279618, -0.33771780161457515, 1731679197930676826, 
-0.28119605779647827, 0.21325218677520752, -0.220056627111363, 0.12869582630536414, 0.37820803686529864, 0.34027787291891953, 0.8868437533734903, -0.31175009616942284, 1731679198019916101, 
0.211012601852417, -0.5564863681793213, 0.04455285091562419, 0.06029719370396051, 0.26679225027440334, 0.22600804049571585, 0.9086934567832737, -0.28775032242166537, 1731679198129700313, 
-0.20155435800552368, -0.16155827045440674, -0.10661584547359745, 0.08290637592609365, 0.31696284726893587, 0.26156496460214296, 0.9279661807416522, -0.2653701006114024, 1731679198230584582, 
-0.06625187397003174, -0.2780771255493164, -0.08169189618553391, 0.07666273420747793, 0.3063864968540497, 0.2502157731970708, 0.948031422804341, -0.24086235211400697, 1731679198330673762, 
0.6418339610099792, 0.026479363441467285, 0.3660412015402664, 0.115536252717116, 0.352235194665787, 0.3280088261104652, 0.9678402630327628, -0.215214238664408, 1731679198440438716, 
-0.7267841100692749, -0.1933014988899231, -0.30988362061778685, 0.09027541292145325, 0.325932139391029, 0.2769761002708222, 0.9876099677616677, -0.18825443748034712, 1731679198530626306, 
0.2356628179550171, -0.5254871845245361, 0.026537716903849706, 0.05498078306493538, 0.2697707573088146, 0.20380557037913952, 1.0048956892385903, -0.1630985021463182, 1731679198630580983, 
0.42482316493988037, 0.5310799479484558, 0.27498328864624744, 0.15705107619487568, 0.4145267111627736, 0.37886841056475584, 1.023377967173708, -0.13454402274328492, 1731679198729678392, 
0.19347459077835083, -0.03696411848068237, 0.22351130686701612, 0.1287353806479628, 0.37602207871100585, 0.34236122806741676, 1.0430218302596599, -0.10227666806266072, 1731679198840558641, 
-0.44690001010894775, -0.07597118616104126, -0.19107835929127995, 0.11123920313522091, 0.36431889663399064, 0.3053347058387045, 1.0611108503361184, -0.07015793659042968, 1731679198930589329, 
-0.4010295867919922, -0.832535982131958, -0.3228922504415067, 0.03435613310605709, 0.22359406398130854, 0.15365404829767354, 1.0752342066887868, -0.043176157726399274, 1731679199030609972, 
-0.36458784341812134, -0.38658225536346436, -0.3471272662824339, 0.061661550340747176, 0.27741807287017245, 0.22226940625315306, 1.0871926705448562, -0.01885141381036523, 1731679199130786345, 
-0.4559590220451355, 0.025967001914978027, -0.4128048211106588, 0.10205637632664814, 0.33104039860058004, 0.3082897941099486, 1.1011350428155189, 0.010990168435098892, 1731679199239981425, 
-0.17477476596832275, 0.3758962154388428, -0.26374942865342044, 0.14999687939596143, 0.40986775803680764, 0.3659640858661812, 1.117025225981946, 0.04740903760415971, 1731679199330607180, 
-0.006278336048126221, 0.5044286847114563, -0.10339050588071, 0.20546093918694722, 0.4615318504135323, 0.44517174492476375, 1.1335066789856718, 0.08920072829349748, 1731679199430604783, 
-0.46519267559051514, 0.34802913665771484, -0.32658194597823464, 0.20350991300530102, 0.4642747557497814, 0.4383393895208502, 1.149217031178518, 0.1340299141850501, 1731679199524669798, 
-0.0641852617263794, 0.026974141597747803, -0.16532184322273755, 0.14113185777286724, 0.38985216514934734, 0.362013784683744, 1.1619548701499258, 0.17624109374530098, 1731679199619944716, 
0.19087982177734375, 0.5667465925216675, 0.05644646515540944, 0.21504754679441965, 0.47390005382418954, 0.45378249075742744, 1.172754157298974, 0.21833548207006997, 1731679199730606366, 
0.1587083339691162, 0.2330707311630249, 0.1189503343043425, 0.1897970261652517, 0.4432321673990982, 0.4282113080352161, 1.1822398473921683, 0.262659141495138, 1731679199830615500, 
-0.391052782535553, -0.09467887878417969, -0.1975002417384446, 0.11732133416473048, 0.371818035290982, 0.31553427491196245, 1.1891930558661536, 0.3031976918236825, 1731679199923789185, 
-0.10654264688491821, 0.17007231712341309, -0.14067914682494986, 0.13621076878143876, 0.3883792498299797, 0.350715875889527, 1.1942181129871245, 0.3417163258675879, 1731679200040323882, 
-0.44326251745224, 0.40200018882751465, -0.32650728065320656, 0.1833575859155541, 0.4313995129310894, 0.4250296544605583, 1.1982811065429866, 0.3837244926169067, 1731679200130620298, 
0.2710345387458801, 0.7247952222824097, 0.044765924979124516, 0.27032677048080955, 0.5286304692411933, 0.5113719057262098, 1.2011318441059826, 0.43289059340585917, 1731679200230638457, 
0.35479938983917236, 0.25050753355026245, 0.23517737136649672, 0.2166009102279157, 0.4753416871175447, 0.45567413104744925, 1.2016543828905717, 0.4823060641508198, 1731679200325719115, 
0.391185462474823, 0.31304222345352173, 0.3309822943883287, 0.20639297061210157, 0.4693635828831454, 0.4397294083710069, 1.199903869973843, 0.5280812155655553, 1731679200439988578, 
-0.33638012409210205, -0.18585288524627686, -0.08367509896988323, 0.11358240025949402, 0.3610879998167045, 0.3145560093859412, 1.1965586719256749, 0.568963625539959, 1731679200530648153, 
-0.27645331621170044, -0.27586686611175537, -0.2034168449467667, 0.08755148308721412, 0.31391736617800736, 0.2788997759288281, 1.1924220679972115, 0.6032035495991607, 1731679200629685919, 
-0.3859553337097168, 0.2516626715660095, -0.3146321465420713, 0.1313954966100737, 0.3787086063387882, 0.3469567218985481, 1.1870550589617301, 0.6389633564198033, 1731679200725862981, 
-0.05745410919189453, -0.41016054153442383, -0.15708354900363772, 0.07186625898870261, 0.2756432778438992, 0.2607219720750873, 1.1809848212810905, 0.6720230989488707, 1731679200840601888, 
-0.5493584871292114, 0.5707642436027527, -0.3976964923840992, 0.13122072674321403, 0.3510775466930627, 0.3737656480149004, 1.174082098242668, 0.7042951616087889, 1731679200929716738, 
-0.8802491426467896, -0.3707605004310608, -0.6982768636816683, 0.031188341715652382, 0.1632219625293311, 0.19107932065237737, 1.1674303655431328, 0.7311947226673385, 1731679201029783222, 
2.0421323776245117, 0.3608352541923523, 0.9959645908493815, 0.04697901787902257, 0.20896324111071252, 0.2248195310778714, 1.1624193607852922, 0.7490032578287664, 1731679201126650037, 
0.7900868654251099, -0.21040648221969604, 0.8679946691548849, 0.06052919658790239, 0.2596675827112553, 0.23310263050898247, 1.1571087090129377, 0.7665644142979663, 1731679201220185190, 
1.1204473972320557, -0.12196928262710571, 1.023731491830499, 0.09905288490565776, 0.3368568272155512, 0.29405040035681046, 1.149339331222848, 0.790242814932072, 1731679201330641482, 
-0.3703341484069824, 0.046587228775024414, 0.16211040269456778, 0.11233894004468006, 0.39446876643801, 0.28478538632876504, 1.1382119142894893, 0.8216325879075859, 1731679201429764168, 
-0.38398104906082153, 0.0429806113243103, -0.17544725224613972, 0.12683434850351544, 0.3902715395942295, 0.3249900021799868, 1.1240433870228688, 0.8580381274717948, 1731679201525665133, 
0.07690423727035522, 0.5223068594932556, -0.018211526905782816, 0.2022037499714508, 0.45203652520391313, 0.4473172823373884, 1.107235894792256, 0.8975833387250763, 1731679201641385787, 
-0.04089045524597168, 0.6449287533760071, -0.03094461101081229, 0.26312597117121794, 0.5225861875818247, 0.5035073207517919, 1.08627035450334, 0.9421663699501066, 1731679201730258586, 
0.5947678685188293, 0.12841665744781494, 0.354031957229611, 0.18355063782069217, 0.44177712655888446, 0.4154824385101493, 1.06398877414834, 0.983912780218668, 1731679201830630501, 
-0.13910037279129028, -0.1538199782371521, 0.047458992879477635, 0.11255514020860607, 0.36403654352342474, 0.30918637760706974, 1.0438727976711528, 1.0178190514644478, 1731679201926749041, 
-0.15148478746414185, 0.06109189987182617, -0.07543535149695824, 0.1233477385722204, 0.36526922205942575, 0.33768993148881543, 1.024225452218611, 1.0484054840727541, 1731679202020549946, 
0.3465030789375305, 0.6053664088249207, 0.18721295595023324, 0.21638626927640384, 0.47623200694610474, 0.45437153765452876, 1.0003811782371708, 1.083106247098782, 1731679202129752274, 
0.020089149475097656, 0.06146526336669922, 0.08248674464302373, 0.1518593452272809, 0.4086321581340724, 0.37162847368820096, 0.9744013648860889, 1.1176835644419505, 1731679202230627837, 
-0.466860294342041, 0.41834014654159546, -0.25615460707491705, 0.19953647700198293, 0.4479091895098918, 0.4454842224164197, 0.9472279073310287, 1.1510840681372545, 1731679202327642334, 
-0.5595593452453613, 0.5023378729820251, -0.4425779900243396, 0.23049151481415803, 0.4746607947255951, 0.48559206358596957, 0.915454184466006, 1.1870569303640905, 1731679202420556021, 
-0.17343080043792725, 0.2624914050102234, -0.27620126601298384, 0.19293504663344593, 0.44201715947041664, 0.4364876849229169, 0.8820365576546508, 1.221431787309497, 1731679202529725308, 
0.2925928235054016, 0.5651786923408508, 0.0764812044202638, 0.24270379864753666, 0.4950066032162467, 0.4903041637638721, 0.8474995924035907, 1.2538990738413631, 1731679202630622777, 
0.07401633262634277, 0.3923628330230713, 0.07478385424946961, 0.2368759425050206, 0.4929669604684681, 0.48051078774106204, 0.8102240927185027, 1.2857521228410995, 1731679202727634554, 
0.06921827793121338, 0.30809342861175537, 0.0707556795560561, 0.20693622232871747, 0.4682213031045194, 0.4419624245130167, 0.7723968963547738, 1.3149900993867072, 1731679202841230419, 
0.01345151662826538, 0.29640883207321167, 0.03495196373459156, 0.20165255154792958, 0.45136501294645515, 0.44676159153667355, 0.735079970893327, 1.3411808328354324, 1731679202930632139, 
0.3541388511657715, 0.25661033391952515, 0.2318373016292206, 0.18824122202245885, 0.4434337337544366, 0.42450812307099417, 0.6978121006503074, 1.3649182499861812, 1731679203029674326, 
-0.261210560798645, 0.6953263282775879, -0.07123548113199688, 0.26637641801060263, 0.5435336821779525, 0.4900826328613637, 0.6555785936211128, 1.38949083403429, 1731679203126688367, 
0.462429404258728, 0.1788802146911621, 0.256867208844212, 0.19022416562218158, 0.45652200901497064, 0.4166812593167739, 0.6114937253129916, 1.4122237012319776, 1731679203240835578, 
-0.06176304817199707, -0.08448648452758789, 0.05824350868390055, 0.1297596525322055, 0.37873933869689913, 0.3426093866527309, 0.5742079829875547, 1.429357683730564, 1731679203329650578, 
-0.521708607673645, -0.3789946436882019, -0.301468361066976, 0.07651187379024627, 0.2964278089059418, 0.258113009277493, 0.5423956757780035, 1.4425535204946731, 1731679203429690240, 
-0.2261720895767212, -0.12309390306472778, -0.2538195197976219, 0.09991315561353868, 0.33159997915827605, 0.301306278327144, 0.5116129971382923, 1.4543695163308359, 1731679203526721996, 
-0.297508180141449, -0.3701332211494446, -0.2813390814140173, 0.06663307771342138, 0.27578393362880954, 0.24161334141787225, 0.48169267364746426, 1.4648175068134437, 1731679203641697942, 
-0.036682963371276855, -0.04967290163040161, -0.12897198203798407, 0.09395240410727522, 0.32151813670582324, 0.2922149433617739, 0.4519086826952166, 1.474417418710216, 1731679203729779877, 
-0.26274049282073975, 0.425456166267395, -0.2096568826814352, 0.1616241779707671, 0.4189361363281911, 0.38579669776720354, 0.41491383455529846, 1.4853016533682326, 1731679203829653948, 
-0.2997254729270935, 0.39952343702316284, -0.2642604954066786, 0.18542418758804402, 0.4565137284172076, 0.40617439530446053, 0.37093711967639564, 1.496550306556278, 1731679203926722268, 
-0.11324179172515869, 0.06181764602661133, -0.17168687980616282, 0.1453617927075519, 0.39171130574022156, 0.3710941976332799, 0.32849224417376777, 1.5055087566783178, 1731679204020448486, 
-0.9306266903877258, -0.017120063304901123, -0.6406872853381604, 0.11738817929196424, 0.35559411354196724, 0.33011845478176083, 0.28955937394748066, 1.512242662474972, 1731679204129662419, 
0.6394882202148438, 0.1664993166923523, 0.1513121466114533, 0.131956195079135, 0.37626684687178724, 0.35069843696353886, 0.25166571291129813, 1.5174257621420186, 1731679204229657333, 
0.5648128390312195, 0.05237692594528198, 0.40656868914706196, 0.1407746686992786, 0.38631345807340395, 0.3644052925345661, 0.21522126431302901, 1.5211148000855654, 1731679204326735545, 
-0.8554235696792603, -0.305616557598114, -0.3747328407813369, 0.08204893926983979, 0.31323113068549047, 0.2619437572832555, 0.18069087488180194, 1.523354531140915, 1731679204437359467, 
-0.37996530532836914, -0.05394387245178223, -0.37711316368001024, 0.09863757588567659, 0.32374035077992025, 0.30468112994889146, 0.14686928023493367, 1.5245781870586566, 1731679204530730967, 
-0.20733916759490967, 0.29664134979248047, -0.27053627026231625, 0.14501993873730754, 0.3857284116505226, 0.3759638501005687, 0.10927567499059088, 1.5249000791246947, 1731679204629683386, 
-0.4493008255958557, 0.5096282362937927, -0.3792011934539192, 0.20725287778645204, 0.4572009739097881, 0.4533080409127602, 0.0650222790583189, 1.5237789443364291, 1731679204727672665, 
-0.09332692623138428, 1.0969575643539429, -0.19910982423838877, 0.37934214975867425, 0.6207863730398592, 0.6110671339338785, 0.009129413459331851, 1.5200921488419166, 1731679204820347707, 
-0.5990921854972839, 0.22425740957260132, -0.448210561794184, 0.2244165548136245, 0.4849048237650306, 0.4628053667751707, -0.047615298171211934, 1.5130142949963237, 1731679204929699645, 
-0.19055384397506714, 0.1964486837387085, -0.2893649289985638, 0.1746242836246934, 0.42821935351339885, 0.40779166609813083, -0.09486859911125138, 1.5045915870154973, 1731679205029659449, 
-0.5522156953811646, 0.39006882905960083, -0.45079818664976357, 0.19572273831758802, 0.4479811530636073, 0.4368994922645731, -0.13936292494741778, 1.4947236826150199, 1731679205127670068, 
-0.39155876636505127, 0.31407618522644043, -0.4136051461451554, 0.189082492690102, 0.4380774536474564, 0.4316188635497924, -0.18446550507512713, 1.482693273413067, 1731679205219897236, 
0.19597715139389038, 0.31174033880233765, -0.03647835389563342, 0.1945567343933533, 0.4367011588194885, 0.44551458237319175, -0.22738910757630434, 1.469182384598226, 1731679205329723364, 
-0.0991373062133789, -0.08434951305389404, -0.07650165556220337, 0.13271905745441423, 0.3593254307292257, 0.3693561493409198, -0.2651795804221306, 1.4554072030178284, 1731679205429683036, 
-0.03885895013809204, 0.40801388025283813, -0.05181777606059915, 0.18101683364022003, 0.43226270342284523, 0.41876579266924846, -0.30217405606365627, 1.440295577620705, 1731679205527683902, 
-0.047296226024627686, 0.7818159461021423, -0.04700679504445277, 0.28823637013502396, 0.5401536549967315, 0.53361921643716, -0.3466306241742865, 1.420030497944752, 1731679205620118818, 
-0.20062220096588135, 0.30761003494262695, -0.14298849333232544, 0.2306168240035492, 0.4724047279606368, 0.48817636732620795, -0.39196287019879084, 1.3966063162659026, 1731679205730704620, 
-0.08340495824813843, -0.023742496967315674, -0.10767597062517464, 0.13918516528375866, 0.3790064785619739, 0.3672369026826531, -0.42987850894981694, 1.3745403562920016, 1731679205830686842, 
-0.3116433620452881, 0.0028168559074401855, -0.23379740041024177, 0.12455630516492272, 0.3592599814474859, 0.3467024205230871, -0.4617777530383352, 1.3541097916303553, 1731679205927777799, 
-0.21511346101760864, -0.0045111775398254395, -0.22204750274842655, 0.12146950499577155, 0.3480015207566993, 0.3490487763721451, -0.49182882521697713, 1.333297085175425, 1731679206019917911, 
0.4125780463218689, 0.8198444247245789, 0.17286544417663796, 0.24537078610668261, 0.49692143330696315, 0.49378185294557375, -0.5260715946689478, 1.3077712536918815, 1731679206130749815, 
0.16982930898666382, 0.0687255859375, 0.16929661245664868, 0.16239717040629945, 0.4188335048837834, 0.3877368178827071, -0.5608336642135504, 1.2795016862109654, 1731679206229689931, 
0.04229778051376343, 0.6445494294166565, 0.092121190327701, 0.24660566222278102, 0.5032636564666397, 0.4900128571853827, -0.5944980876029231, 1.2495128935087492, 1731679206327708592, 
-0.3508782386779785, -0.27635008096694946, -0.1845889979266308, 0.10731970646634997, 0.33653863600201706, 0.318892676755565, -0.6248678107746437, 1.2200773224632713, 1731679206419722286, 
0.3998151421546936, 0.30703967809677124, 0.17792926680111326, 0.15526565759331468, 0.40962868429031996, 0.3790400026851435, -0.6505709286766778, 1.1930069564113635, 1731679206529752236, 
0.19629323482513428, 0.45577478408813477, 0.18992213422340648, 0.20617159114358968, 0.4635237661449047, 0.44479184499708535, -0.6787818931787241, 1.1610749104231552, 1731679206630688433, 
0.4333619475364685, 0.21345996856689453, 0.3394957214698352, 0.18291157454303847, 0.4399990785790264, 0.415708994513693, -0.7063730452326239, 1.1271361967662854, 1731679206728760235, 
-0.3995758295059204, -0.1385982632637024, -0.11885243419110103, 0.1130450149521616, 0.3647296092476013, 0.30994197368664844, -0.7301670111060163, 1.0953262820380214, 1731679206839054583, 
-0.2842402458190918, -0.41725897789001465, -0.22216807086281204, 0.06426264303852741, 0.28745276934893216, 0.2235589630396655, -0.7493139919561538, 1.0676775365698215, 1731679206930716198, 
0.30905067920684814, 0.06177783012390137, 0.10731991491871695, 0.1110564123804504, 0.3472009912116891, 0.3198620257185242, -0.7667825636388248, 1.040735431123742, 1731679207030690447, 
0.3220006227493286, 0.3716096878051758, 0.2410826501555661, 0.1651465573356647, 0.42651118246920117, 0.38720334688432256, -0.7866973787314389, 1.0081906173364423, 1731679207128820354, 
0.19062566757202148, -0.5045233964920044, 0.20714588824354124, 0.0665106583361957, 0.2925643314293135, 0.22733686642954748, -0.8035435331846447, 0.9785055071761278, 1731679207238714322, 
-0.23973625898361206, -0.027306675910949707, -0.06828365424032062, 0.10265271127397473, 0.34154532038556273, 0.30055370443398965, -0.8180416429704334, 0.9508544252876743, 1731679207330727089, 
-0.1516425609588623, 0.24862104654312134, -0.11883745787310901, 0.14609972163457882, 0.387035634869786, 0.3774839019247737, -0.8343764866022226, 0.9175726168900127, 1731679207430727732, 
-0.2527737021446228, -0.0588994026184082, -0.20192312156820835, 0.11114117848083312, 0.3542945084707612, 0.3136971525766825, -0.8500255583818861, 0.883040176527807, 1731679207528796080, 
-0.0014895200729370117, 0.2121599316596985, -0.07716394670856543, 0.14161944816981412, 0.3899743944348975, 0.3631506329409946, -0.8644610803483979, 0.8477842484609599, 1731679207621540551, 
0.10309255123138428, 0.19765275716781616, 0.03447916255790762, 0.15129764924256858, 0.4012351552266849, 0.3770797430676041, -0.8782739464825604, 0.8105114765797573, 1731679207731824228, 
-0.43429189920425415, 0.44755083322525024, -0.2541207268973097, 0.19858111419283703, 0.45338537464638407, 0.43799629475855834, -0.8918423367398085, 0.7693120538715545, 1731679207831686042, 
-0.907373309135437, 0.4159567356109619, -0.6570169972239857, 0.19419052670044748, 0.45653997514194367, 0.4253527342048664, -0.9051033134470897, 0.7231613660089086, 1731679207928795809, 
-0.04678213596343994, -0.13906598091125488, -0.281143558202975, 0.11446514395337076, 0.3391912388445323, 0.33746491903299325, -0.9149602507628416, 0.6820109481225426, 1731679208022058156, 
-0.6300305724143982, 0.2146364450454712, -0.4953852552110703, 0.14105681367497908, 0.37845157199137847, 0.3727209083390794, -0.9224408519141795, 0.6447873895815984, 1731679208131738037, 
-0.10072898864746094, 0.3177993893623352, -0.2501755180778945, 0.1673559674489849, 0.41500414703498656, 0.4032633616908799, -0.9292152071536296, 0.6033844501730524, 1731679208231705455, 
-0.1178126335144043, -0.022063493728637695, -0.1689599539951822, 0.12610607200168905, 0.36137966168877805, 0.34895730272250963, -0.9341295903964052, 0.5637801016537902, 1731679208328803563, 
-0.16111880540847778, 0.1000223159790039, -0.16363558372936385, 0.1364308969540059, 0.3716711253838178, 0.3670742428891033, -0.9373338690095776, 0.526354882974934, 1731679208438767992, 
-0.11133408546447754, 0.4493546485900879, -0.12971261988681407, 0.18782388569863107, 0.44774686678622533, 0.41948676725929324, -0.9394579902861021, 0.48432045664816886, 1731679208530738594, 
-0.30398672819137573, 0.5761083960533142, -0.23619823496861295, 0.24028254938884633, 0.49834357736240864, 0.4821624283001575, -0.939956287389061, 0.43593079684513913, 1731679208632811578, 
0.4055464267730713, 0.8613464832305908, 0.16212021842304572, 0.3418182345671824, 0.5886498855081836, 0.5806817311653589, -0.9380011370956552, 0.3812040468226388, 1731679208728720377, 
-0.029626667499542236, 0.3961588144302368, 0.042342595304261446, 0.2567290858096741, 0.5300705422131179, 0.48433003791871665, -0.9331656482813812, 0.32581344214103797, 1731679208839641336, 
0.25986355543136597, -0.185744047164917, 0.17376945717290043, 0.11962699770606691, 0.3790512871003563, 0.3155958092668206, -0.926687250082242, 0.2804697327055636, 1731679208930055096, 
-0.4398305416107178, -0.0707440972328186, -0.20591907021624373, 0.10978901842180477, 0.3517584091459846, 0.31211483668110634, -0.9200642125049148, 0.24463237111748956, 1731679209031844581, 
0.27837806940078735, -0.09872967004776001, 0.09328541925851286, 0.10191912768885868, 0.34002714859079697, 0.29973820652630434, -0.9126155561209099, 0.21042217105195699, 1731679209129872631, 
0.12051665782928467, 0.09344536066055298, 0.11033332901659056, 0.11809425268994334, 0.36225818014328126, 0.32599471637392535, -0.9042232430405087, 0.17685602824800553, 1731679209222992288, 
0.28743016719818115, 0.18889909982681274, 0.22016714838293577, 0.14244886583710928, 0.4002452916406598, 0.3559039139553448, -0.8940190235012113, 0.14086233990989616, 1731679209329835567, 
-0.37792903184890747, 0.6704035401344299, -0.14778194653142412, 0.24126705493066422, 0.49953233919235485, 0.48298585697323504, -0.8802862541929964, 0.09797762661161694, 1731679209429888391, 
-2.061774730682373, 0.28025496006011963, -1.330463688975613, 0.18915093588977416, 0.4412110381173804, 0.4287085307223257, -0.8629348812171844, 0.05042285638186868, 1731679209530389370, 
2.1159651279449463, -0.1765792965888977, 0.7972949197842056, 0.08460263917336544, 0.28857476088827105, 0.29317407701542364, -0.847853233225846, 0.015009857833517794, 1731679209621112439, 
0.7017355561256409, 0.4903829097747803, 0.7395926479864782, 0.1587520055025575, 0.44078828172856416, 0.3601547774364755, -0.834185303226002, -0.014602797246596338, 1731679209730963124, 
-0.34837162494659424, 0.07223767042160034, 0.06620498173184863, 0.1277977246997286, 0.42566503746750134, 0.30023072944882323, -0.8158037696419794, -0.05113262006387563, 1731679209829800999, 
-0.10819107294082642, 0.4790852665901184, -0.04102303532476462, 0.18841688066752574, 0.456213925606521, 0.413001160403054, -0.7948063657135771, -0.08955086784519631, 1731679209929886145, 
-0.07530134916305542, 0.027788519859313965, -0.06328089973363801, 0.13503386051061608, 0.3904891747387614, 0.34580692435572435, -0.7731618830248451, -0.1259661607584098, 1731679210020783742, 
-0.80260169506073, -0.06662553548812866, -0.5205571515406564, 0.09799934809668207, 0.3433369845407712, 0.2854319590059913, -0.7524884570571313, -0.1580408109309725, 1731679210129728036, 
1.2436219453811646, 0.15160351991653442, 0.5697742236556691, 0.10052129407780518, 0.3452358354303919, 0.29116703355110646, -0.7327459602694844, -0.18650506517564924, 1731679210230080144, 
0.36687833070755005, 0.8378892540931702, 0.4463397229901242, 0.20878425408992723, 0.5073963915597183, 0.41148155084061977, -0.7088261566010705, -0.21919094373657258, 1731679210330478997, 
-0.13680124282836914, -0.07584178447723389, 0.08357938957783395, 0.12102944100820266, 0.3994542259584077, 0.3029870086311331, -0.6820126965321374, -0.2529393963412463, 1731679210421480899, 
0.4625207185745239, 0.25039142370224, 0.31783148952277085, 0.15422765622970958, 0.4204840456731101, 0.3667859882360631, -0.6562165134090757, -0.28323574148424147, 1731679210530673254, 
0.058475375175476074, 0.18903440237045288, 0.1573142025656409, 0.15569720287050898, 0.43142535808800697, 0.3608902442835734, -0.6284260445186082, -0.31376383388603096, 1731679210629749995, 
-0.25773054361343384, 0.24935078620910645, -0.09924391358369353, 0.1610813935686465, 0.4315810781057726, 0.3732355326504106, -0.5984517871486088, -0.34439081938532734, 1731679210729772387, 
0.5069671869277954, 0.3730572462081909, 0.2757637138048804, 0.1903047006867221, 0.4590799593041501, 0.4145349776870596, -0.5664118669323018, -0.37479055311115034, 1731679210840481333, 
-0.6293655633926392, 0.14109575748443604, -0.2843462410719204, 0.15923502933677106, 0.41929379425495283, 0.3797695828523227, -0.5335750007016391, -0.40355562805158063, 1731679210930699328, 
0.16030997037887573, 0.5393072366714478, -0.008119700254467566, 0.2195475310102405, 0.48317042883055994, 0.4543894201920049, -0.49783168931010424, -0.43255100542130775, 1731679211029989943, 
-0.24770206212997437, 0.44572800397872925, -0.15604002047605794, 0.22909519978808418, 0.48315189183657176, 0.4741680694185849, -0.4587854649030563, -0.4615455574542622, 1731679211130716563, 
0.26531708240509033, -0.3260878324508667, 0.10155398764760168, 0.0916704346790152, 0.3256248220953971, 0.28152164226644505, -0.4246856276526042, -0.4842224377795975, 1731679211240005539, 
-0.38257211446762085, -0.27238929271698, -0.19789142665228174, 0.07986895613582976, 0.30831754307469766, 0.2590477185934227, -0.3975277149638523, -0.501026137253724, 1731679211330981638, 
-0.25992631912231445, 0.4705941081047058, -0.23421370635870373, 0.15745231800716752, 0.40034387246685416, 0.3932926887002711, -0.3659012004972451, -0.5195483276264378, 1731679211430765325, 
-0.036815643310546875, 0.15277767181396484, -0.1119523572976096, 0.14904915892332765, 0.39849032751946545, 0.37403457155693925, -0.32977778371639493, -0.5390159142112786, 1731679211529653213, 
0.20016783475875854, 0.6309186816215515, 0.0826446341905275, 0.22876509350331878, 0.4921828097327896, 0.4647970001786884, -0.2894750732574385, -0.5588961111186764, 1731679211640073225, 
0.5159074664115906, 0.520456075668335, 0.35039400776882057, 0.2533799260422595, 0.5115883911413347, 0.4952808359802268, -0.24456695783805785, -0.578604187630852, 1731679211730828913, 
0.01846092939376831, -0.03591811656951904, 0.14292027559785037, 0.14811703028876233, 0.40816365338362975, 0.3628863791787661, -0.2026502804966527, -0.5944717924918766, 1731679211829768623, 
-0.3970348834991455, 0.49792563915252686, -0.18970536611292482, 0.20095216844204655, 0.4651945560424905, 0.4319744627959312, -0.1614720930646913, -0.6083281885163244, 1731679211931202757, 
0.38432997465133667, 0.11400175094604492, 0.1642628006288902, 0.16398730310991266, 0.41857139207304117, 0.3917785740151508, -0.11886025468898515, -0.6206401814663887, 1731679212020872540, 
0.4405253529548645, -0.3459838628768921, 0.3327159908260941, 0.09109337533791487, 0.31575430513094177, 0.2884944840265563, -0.08437122057578111, -0.6289761010495517, 1731679212130842427, 
-0.8674224019050598, 0.2560916543006897, -0.40772369682440474, 0.14044823286946176, 0.38425130637907096, 0.36551139979965874, -0.05023427529333403, -0.6362683005105954, 1731679212231140030, 
-0.2737392783164978, -0.12807554006576538, -0.3252922154814512, 0.10227254249842127, 0.3268447416874035, 0.3129086365912394, -0.013301756703835375, -0.6427590512033683, 1731679212330958620, 
-0.07795947790145874, -0.004688620567321777, -0.1718253528517635, 0.10515298276675492, 0.336800986620158, 0.31221102949245744, 0.021069980562537748, -0.6476665209671437, 1731679212421471841, 
0.29686903953552246, 0.43291574716567993, 0.11942006953151293, 0.1755224384015773, 0.42300445932694697, 0.41494228850649817, 0.059276294021100066, -0.6519549465953671, 1731679212531265761, 
0.29007458686828613, -0.03459233045578003, 0.22377762051153766, 0.1261899980291508, 0.3772624498426086, 0.33448862478043184, 0.09820993128595752, -0.6547365229351293, 1731679212630094225, 
0.44801443815231323, 0.20287275314331055, 0.3624878136902089, 0.144091368531178, 0.41318417633171095, 0.3487339951167421, 0.13625105469363177, -0.6561060773202712, 1731679212730925750, 
0.7743255496025085, 0.4661080837249756, 0.6173135505274379, 0.20872837667852398, 0.4769881241144033, 0.4375965902003495, 0.1780540816582268, -0.6561704454461896, 1731679212840985745, 
-0.2345992922782898, -0.3206521272659302, 0.08775220377282245, 0.0903090358192877, 0.34107197358926283, 0.2647799960487011, 0.2166698822396773, -0.6545580162081849, 1731679212931117931, 
0.06437253952026367, 0.3515881896018982, 0.07440311791118842, 0.14779726151636996, 0.40913985385905755, 0.36123897518740344, 0.25341894231198286, -0.6519135719382377, 1731679213031241897, 
-0.6158141493797302, -0.38834208250045776, -0.3538695067098803, 0.07561656061929317, 0.29957845361713914, 0.2524098769664224, 0.2890130246837272, -0.6481348431899341, 1731679213131106362, 
0.7513700127601624, -0.7959805130958557, 0.32789975899009366, 0.03434191044622974, 0.224748798533145, 0.15280130826223365, 0.31524967460146003, -0.644498877205132, 1731679213222010301, 
-0.18513703346252441, -0.5752187371253967, 0.011484868625073141, 0.05133324061704698, 0.2796832976714273, 0.18354060126019184, 0.33941410860101345, -0.6407622235624789, 1731679213331304570, 
-0.036318838596343994, -0.2540479302406311, -0.017417686805494298, 0.0802482112722766, 0.3162639172556609, 0.25373811836841853, 0.3689437879763519, -0.6356487550613706, 1731679213431565693, 
-0.10119187831878662, -0.39459115266799927, -0.06949773541505515, 0.06648848335398241, 0.2944016488777302, 0.22584276822986193, 0.3989917456079021, -0.6297374074415477, 1731679213530667074, 
-0.07666558027267456, 0.06632882356643677, -0.07284191527647807, 0.10218500725292112, 0.3496066526243387, 0.29228564870223317, 0.4311712844108873, -0.6226439076186853, 1731679213622152767, 
-0.6242119073867798, 0.21186363697052002, -0.4124723531910769, 0.13369499959361575, 0.3910636531236693, 0.34187528942081524, 0.46865212833648523, -0.613359335264839, 1731679213731226973, 
0.0552748441696167, -0.016865551471710205, -0.12344068844004535, 0.11288932322207397, 0.3615129536822342, 0.3122690959541727, 0.5063114977885796, -0.6026886165948013, 1731679213831395719, 
0.32058966159820557, 0.47344744205474854, 0.15245295139184373, 0.17396014753566902, 0.44578587617063975, 0.39023252380719176, 0.5450754388165409, -0.590369731952893, 1731679213930783923, 
0.6020078063011169, 0.06581151485443115, 0.4290403782773652, 0.13772970896897796, 0.40321742448130443, 0.34157677869737973, 0.5834125570934647, -0.576570914675609, 1731679214022323953, 
0.29962313175201416, -0.24224203824996948, 0.34738988140919025, 0.09848313043568979, 0.34792475495999614, 0.28305870459551874, 0.6161363348373348, -0.5634082281120643, 1731679214130824469, 
0.6248712539672852, 0.15238428115844727, 0.5190960560998881, 0.13777081910608793, 0.4019519449819325, 0.34275445317793063, 0.6483148177628845, -0.5493050997425843, 1731679214230856353, 
-0.33979731798171997, 0.27607524394989014, -0.011580895753336984, 0.16232010277338565, 0.43574714661464176, 0.37250984667246806, 0.6847790136692316, -0.5319955717609615, 1731679214330879028, 
0.39015287160873413, 0.5613394975662231, 0.2375858585252292, 0.23638082381946404, 0.4953879904698063, 0.4771630083226076, 0.7254947811804563, -0.5107713235650745, 1731679214420750453, 
0.2784684896469116, -0.2527120113372803, 0.2598677753694839, 0.11081449073246623, 0.35273055296068584, 0.3141618717242712, 0.7609234899512521, -0.4903164868405059, 1731679214531006009, 
0.3989853262901306, 0.0974574089050293, 0.3458830469531877, 0.131165692186277, 0.38404102717222527, 0.3415408326346733, 0.7906619693554802, -0.47155625119199823, 1731679214631132112, 
0.3852599859237671, 0.634853720664978, 0.3715652716767347, 0.2305510891059864, 0.49454802762148364, 0.4661854384796884, 0.8253841384149228, -0.44801508111085003, 1731679214730884768, 
-0.1991509199142456, 0.07478988170623779, 0.01716134304361966, 0.1679052076732028, 0.4187825695194069, 0.40093647609519684, 0.8609730716720597, -0.42173368960072155, 1731679214821033134, 
-0.1835227608680725, 0.18346506357192993, -0.1068758575407792, 0.15754991583759823, 0.4146798607514809, 0.3799314380787314, 0.8936875401324901, -0.3953888315591692, 1731679214931079726, 
-0.40532398223876953, 0.2461434006690979, -0.2909460942409903, 0.17202150348572937, 0.4157797408830496, 0.4137322879666605, 0.9255942795633163, -0.3675197497628507, 1731679215031187242, 
0.6961154937744141, 0.3000072240829468, 0.31940796428977897, 0.18772058310219183, 0.43432577289755325, 0.43221147538594373, 0.9565409259791875, -0.3381987216089091, 1731679215130868135, 
