odom_x, odom_y, odom_th, stamp, 
-1.4547845239576418e-05, 1.6817382856970653e-05, -0.00016569685836884747, 1732894318580018859, 
-1.4589705642720219e-05, 1.68657825270202e-05, -0.00016617372202617478, 1732894318630023755, 
-1.465249624743592e-05, 1.6938382032094523e-05, -0.0001668889255936076, 1732894318698288799, 
-1.467342644900782e-05, 1.6962581867119297e-05, -0.0001671272875755981, 1732894318738392258, 
-1.4715286852151621e-05, 1.7010981537168846e-05, -0.00016760409102446375, 1732894318789473006, 
-1.4757147255295422e-05, 1.7059381207218394e-05, -0.00016808083438608069, 1732894318838359912, 
-1.4799007658439223e-05, 1.7107780877267942e-05, -0.0001685576285161197, 1732894318889137135, 
-1.4840868061583024e-05, 1.715618054731749e-05, -0.00016903447502243998, 1732894318938529392, 
-1.4882728464726824e-05, 1.7204580217367038e-05, -0.00016951126980480275, 1732894318998162797, 
-1.4903658666298725e-05, 1.7228780052391812e-05, -0.00016974962684874556, 1732894319028776553, 
-1.4945519069442526e-05, 1.727717972244136e-05, -0.00017022641696984534, 1732894319097716322, 
-1.4987379472586326e-05, 1.732557939249091e-05, -0.00017070321803692897, 1732894319138655638, 
-1.5029239875730127e-05, 1.7373979062540457e-05, -0.00017118003343265175, 1732894319189548669, 
-1.5092029570951127e-05, 1.7446576748625375e-05, -0.00017189515797245777, 1732894319299096104, 
-1.5196680578810629e-05, 1.7567575923749246e-05, -0.00017308714339572798, 1732894319398664467, 
-1.528040047560353e-05, 1.7664375263848342e-05, -0.0001740407157197876, 1732894319499332342, 
-1.528040047560353e-05, 1.7664375263848342e-05, -0.00017404062840869293, 1732894319590592268, 
-1.528040047560353e-05, 1.7664375263848342e-05, -0.00017404054109759827, 1732894319688907126, 
-1.528040047560353e-05, 1.7664375263848342e-05, -0.0001740404392346545, 1732894319799378715, 
-1.5552490367554128e-05, 1.7978969481191598e-05, -0.00017713962487776245, 1732894319898812603, 
-1.5552490367554128e-05, 1.7978969481191598e-05, -0.0001771394502555885, 1732894319989537574, 
-1.5552490367554128e-05, 1.7978969481191598e-05, -0.00017713927563341454, 1732894320093506290, 
-1.5552490367554128e-05, 1.7978969481191598e-05, -0.00017713907190754493, 1732894320199445629, 
-1.5552490367554128e-05, 1.7978969481191598e-05, -0.00017713889728537097, 1732894320299102311, 
-1.5552490367554128e-05, 1.7978969481191598e-05, -0.00017713872266319702, 1732894320389315009, 
-1.5552490367554128e-05, 1.7978969481191598e-05, -0.00017713854804102307, 1732894320489619075, 
-1.5552490367554128e-05, 1.7978969481191598e-05, -0.00017713837341884912, 1732894320580150301, 
-1.5552490367554128e-05, 1.7978969481191598e-05, -0.00017713816969297953, 1732894320699403055, 
-1.5552490367554128e-05, 1.7978969481191598e-05, -0.00017713799507080557, 1732894320789586706, 
-1.5552490367554128e-05, 1.7978969481191598e-05, -0.00017713782044863162, 1732894320889568263, 
-1.5552490367554128e-05, 1.7978969481191598e-05, -0.00017713761672276203, 1732894320998146122, 
-1.5552490367554128e-05, 1.7978969481191598e-05, -0.00017713744210058808, 1732894321099386838, 
-1.5552490367554128e-05, 1.7978969481191598e-05, -0.00017713726747841413, 1732894321188438862, 
-1.5552490367554128e-05, 1.7978969481191598e-05, -0.0001771370928562402, 1732894321289538066, 
-1.5552490367554128e-05, 1.7978969481191598e-05, -0.00017713691823406625, 1732894321378744600, 
-1.6912921637413092e-05, 1.9551955119823106e-05, -0.00019263368459357836, 1732894321539606241, 
-1.6975709513644688e-05, 1.9624554624897428e-05, -0.00019334888842841399, 1732894321589441921, 
-1.7038497389876284e-05, 1.969715412997175e-05, -0.0001940640331959733, 1732894321689571822, 
-1.710128526610788e-05, 1.9769753635046072e-05, -0.0001947791784911603, 1732894321799170555, 
-1.722686101857107e-05, 1.9914952645194717e-05, -0.00019620975994753112, 1732894321894793611, 
-1.7289648894802667e-05, 1.998755215026904e-05, -0.00019692522638427865, 1732894321989474522, 
-1.7352436771034263e-05, 2.006015165534336e-05, -0.00019764052966317588, 1732894322089766300, 
-1.741522464726586e-05, 2.0132751160417683e-05, -0.00019835588306021425, 1732894322198906945, 
-1.754080039972905e-05, 2.0277950170566328e-05, -0.00019978657371861653, 1732894322339451940, 
-1.7603588275960647e-05, 2.035054967564065e-05, -0.00020050178560664024, 1732894322389458527, 
-1.768730544426944e-05, 2.0447349015739746e-05, -0.00020145537544107126, 1732894322486577641, 
-1.7750093320501037e-05, 2.051994852081407e-05, -0.00020217056065005763, 1732894322578844584, 
-1.787566907296423e-05, 2.0665147530962713e-05, -0.0002036009178970532, 1732894322738690506, 
-1.7917527657118626e-05, 2.071354720101226e-05, -0.00020407771810039893, 1732894322790619332, 
-1.800124482542742e-05, 2.0810346541111358e-05, -0.0002050314006600127, 1732894322887594924, 
-1.8064032701659016e-05, 2.088294604618568e-05, -0.00020574664082911311, 1732894323001434263, 
-1.816867916204501e-05, 2.100394522130955e-05, -0.00020693865342443708, 1732894323098145651, 
-1.8231467038276605e-05, 2.1076544726383872e-05, -0.00020765391686170334, 1732894323190488605, 
-1.83151842065854e-05, 2.117334406648297e-05, -0.00020860759041972166, 1732894323289611055, 
-1.8377972082816996e-05, 2.124594357155729e-05, -0.00020932288781768676, 1732894323379052192, 
-1.8503547835280187e-05, 2.1391142581705935e-05, -0.00021075340083131748, 1732894323539496618, 
-1.8545406419434585e-05, 2.1439542251755483e-05, -0.00021123024502356767, 1732894323589671313, 
-1.862912358774338e-05, 2.153634159185458e-05, -0.00021218389946069634, 1732894323689478053, 
-1.8712840756052174e-05, 2.1633140931953676e-05, -0.00021313756094244672, 1732894323799454365, 
-1.8796557924360968e-05, 2.1729940272052772e-05, -0.00021409110633671425, 1732894323899404240, 
-1.8796557924360968e-05, 2.1729940272052772e-05, -0.00021409110633671425, 1732894323990617234, 
-1.8796557924360968e-05, 2.1729940272052772e-05, -0.00021409110633671425, 1732894324089359945, 
-1.8796557924360968e-05, 2.1729940272052772e-05, -0.00021409110633671425, 1732894324179024971, 
-1.8796557924360968e-05, 2.1729940272052772e-05, -0.00021409110633671425, 1732894324299563184, 
-1.9152350432705134e-05, 2.214134656242095e-05, -0.00021814407802792232, 1732894324388925913, 
-1.9152350432705134e-05, 2.214134656242095e-05, -0.00021814399071682755, 1732894324489429061, 
-1.9152350432705134e-05, 2.214134656242095e-05, -0.00021814388885388363, 1732894324599365028, 
-1.9152350432705134e-05, 2.214134656242095e-05, -0.00021814380154278886, 1732894324699109516, 
-1.9152350432705134e-05, 2.214134656242095e-05, -0.0002181437142316941, 1732894324789585996, 
-1.9152350432705134e-05, 2.214134656242095e-05, -0.0002181436269205993, 1732894324888669439, 
-1.9152350432705134e-05, 2.214134656242095e-05, -0.00021814353960950456, 1732894324978903554, 
-1.9152350432705134e-05, 2.214134656242095e-05, -0.00021814343774656067, 1732894325099592090, 
-1.9843000700348057e-05, 2.2939966584090143e-05, -0.00022601106175335663, 1732894325192515078, 
-1.990578675759025e-05, 2.301256790815387e-05, -0.0002267263659061493, 1732894325284849691, 
-1.998950210690964e-05, 2.310936906724237e-05, -0.00022768017155687847, 1732894325383460560, 
-2.0052288164151832e-05, 2.3181970391306095e-05, -0.00022839541264622345, 1732894325493834478, 
-2.0115074221394025e-05, 2.3254573534359224e-05, -0.00022911077017455118, 1732894325589565777, 
-2.0115074221394025e-05, 2.3254573534359224e-05, -0.0002291109447967654, 1732894325689514199, 
-2.0115074221394025e-05, 2.3254573534359224e-05, -0.00022911114852268202, 1732894325798800819, 
-2.0115074221394025e-05, 2.3254573534359224e-05, -0.00022911132314489625, 1732894325899699389, 
-2.0115074221394025e-05, 2.3254573534359224e-05, -0.00022911149776711048, 1732894325989557170, 
-2.0115074221394025e-05, 2.3254573534359224e-05, -0.0002291116727470529, 1732894326089525137, 
-2.0596429749275558e-05, 2.381119156780187e-05, -0.00023459532213636135, 1732894326199388010, 
-2.0722001863759942e-05, 2.395639785390813e-05, -0.0002360260597775941, 1732894326294795466, 
-2.0784787921002135e-05, 2.402900099696126e-05, -0.0002367414286264776, 1732894326389541610, 
-2.0847573978244327e-05, 2.4101604140014388e-05, -0.00023745684023363943, 1732894326490615905, 
-2.091036003548652e-05, 2.4174207283067517e-05, -0.0002381721207492971, 1732894326599061411, 
-2.1035928511992097e-05, 2.4319413569173776e-05, -0.00023960261097113385, 1732894326696134587, 
-2.1098712750244886e-05, 2.4392016712226905e-05, -0.00024031783605224608, 1732894326789535271, 
-2.118242446158547e-05, 2.4488821509294212e-05, -0.00024127151265457552, 1732894326886547214, 
-2.124520869983826e-05, 2.456142465234734e-05, -0.00024198688679849244, 1732894326998757175, 
-2.134984970325604e-05, 2.4682429284439422e-05, -0.00024317900151980658, 1732894327097585407, 
-2.141263394150883e-05, 2.475503242749255e-05, -0.00024389414587493977, 1732894327189557687, 
-2.1496345652849413e-05, 2.485183722455986e-05, -0.00024484782961490663, 1732894327287556865, 
-2.1559129891102202e-05, 2.4924440367612988e-05, -0.00024556314943698673, 1732894327400340791, 
-2.1663770894519985e-05, 2.504544499970507e-05, -0.0002467554250137291, 1732894327497680374, 
-2.1726555132772774e-05, 2.5118048142758198e-05, -0.0002474707370832606, 1732894327590815137, 
-2.1810266844113357e-05, 2.5214852939825505e-05, -0.0002484243760411483, 1732894327688546633, 
-2.189397855545394e-05, 2.5311657736892812e-05, -0.00024937786887648173, 1732894327799544713, 
-2.197768844780512e-05, 2.5408464352949522e-05, -0.0002503317661868776, 1732894327898923118, 
-2.2040470867068507e-05, 2.5481069314992055e-05, -0.0002510471128621337, 1732894327990569406, 
-2.2124180759419687e-05, 2.5577875931048766e-05, -0.0002520009455761618, 1732894328088675205, 
-2.2186963178683072e-05, 2.56504808930913e-05, -0.00025271614294932425, 1732894328179283990, 
-2.2249745597946458e-05, 2.572308585513383e-05, -0.00025343131848963417, 1732894328299397583, 
-2.2312529836199246e-05, 2.579568899818696e-05, -0.0002541468360597712, 1732894328389762162, 
-2.2312529836199246e-05, 2.579568899818696e-05, -0.0002541471853040534, 1732894328489415734, 
-2.2312529836199246e-05, 2.579568899818696e-05, -0.0002541475927557159, 1732894328599216384, 
-2.2312529836199246e-05, 2.579568899818696e-05, -0.00025414794199999806, 1732894328699536130, 
-2.2312529836199246e-05, 2.579568899818696e-05, -0.0002541482912442802, 1732894328789521409, 
-2.2312529836199246e-05, 2.579568899818696e-05, -0.0002541486986959428, 1732894328898791949, 
-2.2312529836199246e-05, 2.579568899818696e-05, -0.00025414898973284456, 1732894328979214386, 
-2.2312529836199246e-05, 2.579568899818696e-05, -0.0002541493971845071, 1732894329099057223, 
-2.2312529836199246e-05, 2.579568899818696e-05, -0.0002541497464287893, 1732894329189211270, 
-2.2312529836199246e-05, 2.579568899818696e-05, -0.00025415009567307143, 1732894329289393011, 
-2.2312529836199246e-05, 2.579568899818696e-05, -0.000254150503124734, 1732894329398992411, 
-2.2312529836199246e-05, 2.579568899818696e-05, -0.00025415085236901616, 1732894329499098401, 
-2.2312529836199246e-05, 2.579568899818696e-05, -0.0002541512016132983, 1732894329589397577, 
-2.2312529836199246e-05, 2.579568899818696e-05, -0.0002541515508575805, 1732894329688678562, 
-2.2312529836199246e-05, 2.579568899818696e-05, -0.00025415190010186266, 1732894329778998010, 
-2.3337996026384644e-05, 2.6981555492966436e-05, -0.00026583424234645237, 1732894329899732240, 
-2.3651909941690974e-05, 2.7344578484189697e-05, -0.0002694103264738855, 1732894329994605103, 
-2.371469236095436e-05, 2.741718344623223e-05, -0.000270125438192592, 1732894330083673753, 
-2.379840225330554e-05, 2.751399006228894e-05, -0.00027107918816240034, 1732894330183822155, 
-2.3861184672568925e-05, 2.7586595024331473e-05, -0.0002717946350215526, 1732894330295198587, 
-2.392396709183231e-05, 2.7659199986374006e-05, -0.00027250979409611725, 1732894330388695141, 
-2.3986749511095695e-05, 2.773180494841654e-05, -0.00027322494656691206, 1732894330488687759, 
-2.4070459403446876e-05, 2.782861156447325e-05, -0.0002741783025683133, 1732894330579112384, 
-2.4196024241973646e-05, 2.7973821488558315e-05, -0.0002756086994366615, 1732894330695271408, 
-2.4279734134324826e-05, 2.8070628104615025e-05, -0.00027656252731367824, 1732894330788791141, 
-2.434251655358821e-05, 2.8143233066657558e-05, -0.0002772777446963707, 1732894330889723705, 
-2.4405298972851597e-05, 2.821583802870009e-05, -0.00027799277388953033, 1732894330999155712, 
-2.4468081392114982e-05, 2.8288442990742624e-05, -0.00027870830770605623, 1732894331079588897, 
-2.4530863811378367e-05, 2.8361047952785157e-05, -0.00027942379900560403, 1732894331138779248, 
-2.4656428649905138e-05, 2.8506257876870222e-05, -0.0002808544072372813, 1732894331289856736, 
-2.4740138542256318e-05, 2.8603064492926933e-05, -0.00028180810129709136, 1732894331399000195, 
-2.4844775907695293e-05, 2.872407276299782e-05, -0.0002830002232694607, 1732894331497258358, 
-2.490755832695868e-05, 2.8796677725040354e-05, -0.00028371556477839287, 1732894331589645389, 
-2.499126821930986e-05, 2.8893484341097064e-05, -0.0002846693990065545, 1732894331687080401, 
-2.5054050638573244e-05, 2.8966089303139597e-05, -0.00028538446401838466, 1732894331779402760, 
-2.515868800401222e-05, 2.9087097573210485e-05, -0.0002865765651301983, 1732894331898639681, 
-2.5221470423275605e-05, 2.9159702535253018e-05, -0.00028729177827369144, 1732894331989751838, 
-2.528425284253899e-05, 2.923230749729555e-05, -0.00028800693222538976, 1732894332087742372, 
-2.5347035261802375e-05, 2.9304912459338084e-05, -0.0002887221997028472, 1732894332180925804, 
-2.545167262724135e-05, 2.9425920729408972e-05, -0.0002899145353105069, 1732894332299558408, 
-2.5514455046504736e-05, 2.9498525691451505e-05, -0.0002906298727143586, 1732894332390628084, 
-2.5598164938855916e-05, 2.9595332307508215e-05, -0.00029158378093893905, 1732894332489636873, 
-2.5681874831207097e-05, 2.9692138923564926e-05, -0.0002925376226076441, 1732894332598939688, 
-2.5765584723558277e-05, 2.9788945539621636e-05, -0.0002934914228740975, 1732894332699093251, 
-2.582836532383226e-05, 2.9861552320653573e-05, -0.00029420668107244625, 1732894332789818041, 
-2.589114592410624e-05, 2.993415910168551e-05, -0.000294922068856316, 1732894332889132925, 
-2.589114592410624e-05, 2.993415910168551e-05, -0.0002949224763079594, 1732894332999579036, 
-2.610041519801598e-05, 3.0176179279806092e-05, -0.00029730689963979436, 1732894333099797000, 
-2.610041519801598e-05, 3.0176179279806092e-05, -0.00029730689963979436, 1732894333191575771, 
-2.610041519801598e-05, 3.0176179279806092e-05, -0.00029730689963979436, 1732894333289168055, 
-2.610041519801598e-05, 3.0176179279806092e-05, -0.00029730689963979436, 1732894333380591884, 
-2.610041519801598e-05, 3.0176179279806092e-05, -0.00029730689963979436, 1732894333500317846, 
-2.610041519801598e-05, 3.0176179279806092e-05, -0.00029730689963979436, 1732894333589371790, 
-2.610041519801598e-05, 3.0176179279806092e-05, -0.00029730689963979436, 1732894333689191323, 
-2.610041519801598e-05, 3.0176179279806092e-05, -0.00029730689963979436, 1732894333780000560, 
-2.610041519801598e-05, 3.0176179279806092e-05, -0.00029730689963979436, 1732894333900533914, 
-2.610041519801598e-05, 3.0176179279806092e-05, -0.00029730689963979436, 1732894333988804836, 
-2.610041519801598e-05, 3.0176179279806092e-05, -0.00029730689963979436, 1732894334088674909, 
-2.610041519801598e-05, 3.0176179279806092e-05, -0.00029730689963979436, 1732894334181269412, 
-2.610041519801598e-05, 3.0176179279806092e-05, -0.00029730689963979436, 1732894334299751930, 
-2.610041519801598e-05, 3.0176179279806092e-05, -0.00029730689963979436, 1732894334388682519, 
-2.610041519801598e-05, 3.0176179279806092e-05, -0.00029730689963979436, 1732894334488762905, 
-2.610041519801598e-05, 3.0176179279806092e-05, -0.00029730689963979436, 1732894334598994491, 
-2.610041519801598e-05, 3.0176179279806092e-05, -0.00029730689963979436, 1732894334700308414, 
-2.610041519801598e-05, 3.0176179279806092e-05, -0.00029730689963979436, 1732894334788831960, 
-2.610041519801598e-05, 3.0176179279806092e-05, -0.00029730689963979436, 1732894334888754976, 
-2.610041519801598e-05, 3.0176179279806092e-05, -0.00029730689963979436, 1732894335000016914, 
-2.7628069801721722e-05, 3.194294549757615e-05, -0.00031471105581035137, 1732894335080299289, 
-2.7753627364290878e-05, 3.208815905964002e-05, -0.000316141430825616, 1732894335189737389, 
-2.7816406145575456e-05, 3.2160765840671957e-05, -0.0003168566829548178, 1732894335289956112, 
-2.7879184926860034e-05, 3.223337262170389e-05, -0.0003175721846359424, 1732894335380574737, 
-2.800474248942919e-05, 3.2378586183767766e-05, -0.0003190027770396818, 1732894335539705565, 
-2.806752127071377e-05, 3.24511929647997e-05, -0.0003197180765657825, 1732894335589748862, 
-2.8130300051998347e-05, 3.252379974583164e-05, -0.0003204335337556259, 1732894335690702892, 
-2.8193078833282925e-05, 3.2596406526863575e-05, -0.00032114881565609025, 1732894335780497238, 
-2.831863639585208e-05, 3.2741623726906255e-05, -0.000322579387246296, 1732894335897161829, 
-2.838141517713666e-05, 3.2814234145917e-05, -0.0003232945810927088, 1732894335988712196, 
-2.846511961251963e-05, 3.291104803793132e-05, -0.00032424867476070024, 1732894336087132967, 
-2.8527898393804207e-05, 3.2983658456942067e-05, -0.0003249640444017411, 1732894336180378337, 
-2.8632530302274972e-05, 3.310467582195997e-05, -0.0003261562467904401, 1732894336297697416, 
-2.869530908355955e-05, 3.3177286240970716e-05, -0.0003268717962914386, 1732894336389760873, 
-2.877901351894252e-05, 3.327410013298504e-05, -0.00032782570867661176, 1732894336487871670, 
-2.8841792300227098e-05, 3.3346710551995784e-05, -0.000328541094426476, 1732894336581555803, 
-2.8946424208697863e-05, 3.346772791701369e-05, -0.00032973349070891824, 1732894336699062551, 
-2.9009201170993038e-05, 3.354033833602443e-05, -0.0003304487262862269, 1732894336789722902, 
-2.9071978133288212e-05, 3.361294875503518e-05, -0.00033116391930329255, 1732894336888890702, 
-2.9323089620447718e-05, 3.390339043107815e-05, -0.00033402478041678766, 1732894337190708288, 
-2.9323089620447718e-05, 3.390339043107815e-05, -0.00033402478041678766, 1732894337238890711, 
-2.9448647183016874e-05, 3.404861126909964e-05, -0.0003354552990658079, 1732894337339836778, 
-2.951142414531205e-05, 3.412122168811038e-05, -0.00033617061105438754, 1732894337431321353, 
-2.9574201107607223e-05, 3.4193832107121125e-05, -0.0003368858101232663, 1732894337539748924, 
-2.9616052415804006e-05, 3.424223905312829e-05, -0.0003373628278242946, 1732894337700462782, 
-2.9616052415804006e-05, 3.424223905312829e-05, -0.00033736297334279353, 1732894337779758820, 
-2.982531259476673e-05, 3.448427014518529e-05, -0.00033974733168793585, 1732894337900410806, 
-2.982531259476673e-05, 3.448427014518529e-05, -0.0003397475063101425, 1732894337988780066, 
0.0015474222600460052, 6.144517828943208e-05, 0.013139929896055611, 1732894338089790796, 
0.011864879168570042, 4.857626117882319e-05, 0.060692875296669085, 1732894338200433950, 
0.020495403558015823, 0.0005591735825873911, 0.09893465087365713, 1732894338280163825, 
0.03068826161324978, 0.0018047965131700039, 0.1538579818740624, 1732894338389462062, 
0.039995498955249786, 0.003314760746434331, 0.20562467219456482, 1732894338489917665, 
0.04832804575562477, 0.0050413403660058975, 0.25320270515807675, 1732894338580659010, 
0.05897556617856026, 0.007826508022844791, 0.31127504941468515, 1732894338696350071, 
0.06761600822210312, 0.010637465864419937, 0.3617565257106824, 1732894338792748333, 
0.07563909888267517, 0.013823630288243294, 0.40899440534362974, 1732894338885922394, 
0.08539184182882309, 0.01808757148683071, 0.46518681552744107, 1732894338995340954, 
0.09434802830219269, 0.022830450907349586, 0.5156267608281988, 1732894339099450672, 
0.10173849761486053, 0.02716958336532116, 0.5615120698859519, 1732894339189749949, 
0.10987667739391327, 0.03214725852012634, 0.612880402339006, 1732894339290212029, 
0.11700238287448883, 0.03716614842414856, 0.6576650344887278, 1732894339380474188, 
0.12631440162658691, 0.04408984258770943, 0.7200983112861056, 1732894339501052837, 
0.13173307478427887, 0.04856188967823982, 0.7568859040934175, 1732894339589779965, 
0.1329658478498459, 0.049490366131067276, 0.7653341550687809, 1732894339689947880, 
0.13276734948158264, 0.04918728768825531, 0.7640919650203739, 1732894339780133130, 
0.13285493850708008, 0.04930194839835167, 0.7649402457695706, 1732894339896347039, 
0.13283570110797882, 0.04934431239962578, 0.7648954207161497, 1732894339989906480, 
0.1328679621219635, 0.04932743310928345, 0.7651381095827288, 1732894340090926956, 
0.1328783482313156, 0.049326471984386444, 0.7652158880910133, 1732894340180576677, 
0.13284677267074585, 0.049329400062561035, 0.7649795082870545, 1732894340279658945, 
0.1328774392604828, 0.04932655394077301, 0.765208988264694, 1732894340389921957, 
0.13409091532230377, 0.05067508667707443, 0.76729850613962, 1732894340486942102, 
0.14071354269981384, 0.057586003094911575, 0.7819992912951361, 1732894340579992331, 
0.1481463760137558, 0.06542112678289413, 0.8033739797503994, 1732894340679762660, 
0.15504129230976105, 0.07296827435493469, 0.8151152768545393, 1732894340789833000, 
0.16128790378570557, 0.07995534688234329, 0.8293471342068077, 1732894340888225987, 
0.16567590832710266, 0.08492852002382278, 0.8372427513164015, 1732894340981142468, 
0.16606204211711884, 0.08509591221809387, 0.8392582150506149, 1732894341099324069, 
0.1677003800868988, 0.08689230680465698, 0.8418328996348488, 1732894341190890819, 
0.17431886494159698, 0.09489699453115463, 0.8546188415980447, 1732894341289946352, 
0.1819513887166977, 0.10387839376926422, 0.8703383275689753, 1732894341400255894, 
0.1870412677526474, 0.11008675396442413, 0.8820974967311944, 1732894341500036122, 
0.19232438504695892, 0.11685886234045029, 0.8929689692315456, 1732894341590850879, 
0.19891948997974396, 0.12481099367141724, 0.8899687208744504, 1732894341690652404, 
0.20419760048389435, 0.1307159960269928, 0.8505253555849261, 1732894341780421519, 
0.2107711136341095, 0.1372254639863968, 0.8121020918390675, 1732894341880031041, 
0.2175908237695694, 0.14416547119617462, 0.7695206265683179, 1732894341991385808, 
0.22505272924900055, 0.15081006288528442, 0.7296686908360476, 1732894342099931542, 
0.2309410125017166, 0.1556805968284607, 0.6859219689638144, 1732894342180234509, 
0.23981638252735138, 0.16241250932216644, 0.6078557458316973, 1732894342300299294, 
0.24671223759651184, 0.16671468317508698, 0.551625933090202, 1732894342390569169, 
0.25431984663009644, 0.1710319072008133, 0.48744683763367774, 1732894342490077559, 
0.2617530822753906, 0.17465870082378387, 0.4310931881209397, 1732894342580501826, 
0.2694513499736786, 0.17790420353412628, 0.36822945773927707, 1732894342699819608, 
0.2696992754936218, 0.17834441363811493, 0.358751781700362, 1732894342789867492, 
0.26940611004829407, 0.17819897830486298, 0.36299723650318744, 1732894342889730355, 
0.27094513177871704, 0.1786024123430252, 0.35256746272523165, 1732894342981180316, 
0.2799946069717407, 0.1810147911310196, 0.291152187480799, 1732894343100003456, 
0.2883639335632324, 0.18324406445026398, 0.23237444751979874, 1732894343189877838, 
0.2970765233039856, 0.1848122775554657, 0.18433601925685103, 1732894343290153971, 
0.3066965639591217, 0.18590131402015686, 0.13542440989007265, 1732894343397145604, 
0.31593990325927734, 0.1866757720708847, 0.08927994873873658, 1732894343496163234, 
0.3240431845188141, 0.18683797121047974, 0.04739784248034208, 1732894343589835857, 
0.33299699425697327, 0.1867758333683014, 0.00295071037141044, 1732894343689843219, 
0.3428756892681122, 0.18587800860404968, -0.04500046650701628, 1732894343800212897, 
0.35050320625305176, 0.18521182239055634, -0.08587265324240236, 1732894343940435181, 
0.3539024591445923, 0.18467825651168823, -0.09631811109675885, 1732894343989865726, 
0.36357471346855164, 0.18241892755031586, -0.12897873380784597, 1732894344089854229, 
0.3730931282043457, 0.18039949238300323, -0.16335271665538778, 1732894344200218169, 
0.38111892342567444, 0.17821553349494934, -0.18849495920881104, 1732894344295752472, 
0.3886250853538513, 0.1760389655828476, -0.2096275935672903, 1732894344389851140, 
0.3970381021499634, 0.17347174882888794, -0.23579627696137745, 1732894344490855754, 
0.40584659576416016, 0.17022310197353363, -0.26314354531410256, 1732894344599936840, 
0.4113702178001404, 0.16834987699985504, -0.28150710193103634, 1732894344697461835, 
0.41138485074043274, 0.1685384064912796, -0.28610321605429945, 1732894344789988921, 
0.4110742509365082, 0.16856250166893005, -0.28375706053479877, 1732894344886904404, 
0.4134169816970825, 0.16768991947174072, -0.28542371171392256, 1732894344979829469, 
0.42357194423675537, 0.16435396671295166, -0.28618181132732334, 1732894345080266498, 
0.4336441457271576, 0.1609228402376175, -0.29315096926739326, 1732894345190440298, 
0.44173330068588257, 0.1587069183588028, -0.2899899653550498, 1732894345287872224, 
0.4497312903404236, 0.15616051852703094, -0.289462353579247, 1732894345381926686, 
0.4571128189563751, 0.15386174619197845, -0.2886456735128316, 1732894345499351203, 
0.4570733606815338, 0.15394161641597748, -0.28899897475179204, 1732894345590927215, 
0.4568951427936554, 0.15411117672920227, -0.28981815552212187, 1732894345688919346, 
0.4588346481323242, 0.1538211554288864, -0.2766325051403348, 1732894345800323258, 
0.4676794707775116, 0.15137188136577606, -0.23308723931901798, 1732894345900124070, 
0.4768854081630707, 0.1491360068321228, -0.1919818649726708, 1732894345991256958, 
0.4859527051448822, 0.1474349945783615, -0.14506065100518345, 1732894346090103657, 
0.4943564832210541, 0.1461583822965622, -0.10286069134318063, 1732894346180010621, 
0.5033124089241028, 0.14515934884548187, -0.0545508487631694, 1732894346300329721, 
0.5042130947113037, 0.14492696523666382, -0.05018662829514473, 1732894346391268876, 
0.505025327205658, 0.14519990980625153, -0.044062417808019595, 1732894346490204658, 
0.5149549841880798, 0.14506106078624725, 0.00817055136262933, 1732894346599895991, 
0.52500981092453, 0.14531022310256958, 0.0646031144386153, 1732894346699976043, 
0.5332648754119873, 0.14598241448402405, 0.10972149008859262, 1732894346790125710, 
0.5424695014953613, 0.14719459414482117, 0.1580459131996643, 1732894346890374569, 
0.5507225394248962, 0.14875498414039612, 0.20599765313090465, 1732894346980095739, 
0.5617300271987915, 0.15114115178585052, 0.26659373440286915, 1732894347100353404, 
0.5699664354324341, 0.15354511141777039, 0.3123066797118648, 1732894347190037602, 
0.5789618492126465, 0.15651243925094604, 0.3633035219784458, 1732894347290089438, 
0.5868390202522278, 0.15963655710220337, 0.4084083527371693, 1732894347380816890, 
0.5954657793045044, 0.1631859987974167, 0.45910825794134047, 1732894347500169694, 
0.5960381627082825, 0.16328641772270203, 0.4633465973539733, 1732894347589911883, 
0.5967671275138855, 0.1638851761817932, 0.4752605172419316, 1732894347689916644, 
0.6055346131324768, 0.16877520084381104, 0.5247142840608156, 1732894347799878851, 
0.614288866519928, 0.17412452399730682, 0.5801621029557114, 1732894347901634198, 
0.6208710670471191, 0.1786479353904724, 0.6240530189713299, 1732894347989926208, 
0.6281872391700745, 0.18429212272167206, 0.6745442232103015, 1732894348089922739, 
0.6360535025596619, 0.19064921140670776, 0.7250357108399399, 1732894348199951480, 
0.6430045366287231, 0.1969738006591797, 0.7723627259700288, 1732894348301122264, 
0.6492515206336975, 0.20310145616531372, 0.8141873921321272, 1732894348389950047, 
0.6554495692253113, 0.20991243422031403, 0.8596184334344356, 1732894348490076917, 
0.6582228541374207, 0.21323193609714508, 0.8804197330451378, 1732894348535957474, 
0.6652528643608093, 0.22150324285030365, 0.9327933432312806, 1732894348649996500, 
0.6675833463668823, 0.22426199913024902, 0.9511263907415872, 1732894348740203313, 
0.6674460768699646, 0.22388161718845367, 0.9502521104013579, 1732894348839940148, 
0.6674206852912903, 0.22387820482254028, 0.9501637745548053, 1732894348935999727, 
0.6746072173118591, 0.2349432110786438, 0.9787009933035028, 1732894349096809224, 
0.6797049045562744, 0.24294663965702057, 1.0041682660564097, 1732894349189991748, 
0.6843603253364563, 0.2509232461452484, 1.021214010899218, 1732894349292099376, 
0.6885753273963928, 0.2582774758338928, 1.032363697971831, 1732894349381433335, 
0.694130539894104, 0.26819270849227905, 1.0463814100654774, 1732894349498095116, 
0.6978555917739868, 0.2754940390586853, 1.0552699213526961, 1732894349589953376, 
0.7017103433609009, 0.2831777036190033, 1.0632409933456826, 1732894349688136964, 
0.7056121230125427, 0.2907455265522003, 1.0737128418781918, 1732894349779847849, 
0.7107024788856506, 0.30046871304512024, 1.087320885079386, 1732894349898877635, 
0.7144116163253784, 0.30794593691825867, 1.096541190558669, 1732894349989976923, 
0.7184529900550842, 0.31640347838401794, 1.1083183912478791, 1732894350088962639, 
0.7226164937019348, 0.32457268238067627, 1.1120145498414375, 1732894350181272818, 
0.7275516390800476, 0.33451399207115173, 1.1065949180624495, 1732894350300627709, 
0.7314706444740295, 0.3419719636440277, 1.102987159383495, 1732894350391076070, 
0.7358154654502869, 0.35033753514289856, 1.0960369596434825, 1732894350490480865, 
0.7399631142616272, 0.35748258233070374, 1.082487089646523, 1732894350580472029, 
0.7451649308204651, 0.36681869626045227, 1.0623373286666886, 1732894350699811637, 
0.7492862343788147, 0.3732469975948334, 1.0467437187714779, 1732894350791559989, 
0.7542761564254761, 0.38077348470687866, 1.0275597205277187, 1732894350890206667, 
0.7587735652923584, 0.3880481719970703, 1.011050468495414, 1732894350981255251, 
0.7647109627723694, 0.39674991369247437, 0.9897546804799071, 1732894351099821642, 
0.7695448398590088, 0.4035275876522064, 0.9735044179132991, 1732894351190353138, 
0.7749531865119934, 0.4107070565223694, 0.9538026095387486, 1732894351290392634, 
0.7810034155845642, 0.4189205765724182, 0.9356134505659941, 1732894351399761091, 
0.7866678833961487, 0.42611998319625854, 0.9169125349222699, 1732894351501429637, 
0.7917958498001099, 0.4321373403072357, 0.9016515212782958, 1732894351589966573, 
0.7974203824996948, 0.43908247351646423, 0.8860804604499354, 1732894351689849286, 
0.8026619553565979, 0.44517001509666443, 0.870770418292531, 1732894351782072499, 
0.8101016283035278, 0.45310044288635254, 0.8516135424003934, 1732894351901261332, 
0.8155709505081177, 0.45872530341148376, 0.8378125295225094, 1732894351990185535, 
0.8199490904808044, 0.46328040957450867, 0.8232026081177872, 1732894352090000869, 
0.8233407139778137, 0.4669335186481476, 0.820540976547523, 1732894352200378833, 
0.8307334184646606, 0.47409841418266296, 0.8087888215219505, 1732894352301514458, 
0.8367652893066406, 0.4799957275390625, 0.7985258875464711, 1732894352390025954, 
0.8424711227416992, 0.48567554354667664, 0.7906458141413347, 1732894352490000217, 
0.8499131798744202, 0.49247586727142334, 0.7788328731594532, 1732894352600001969, 
0.8538662195205688, 0.4964597225189209, 0.7713284995689785, 1732894352741129175, 
0.8533352017402649, 0.4959927499294281, 0.7713284995689785, 1732894352790378323, 
0.8530003428459167, 0.49575987458229065, 0.7713284995689785, 1732894352889995011, 
0.8529862761497498, 0.4957461357116699, 0.7713284995689785, 1732894352981338567, 
0.8530158996582031, 0.4957435727119446, 0.7715502042931722, 1732894353095830682, 
0.8530433773994446, 0.49574121832847595, 0.7717556109944629, 1732894353191103516, 
0.8530558347702026, 0.49574014544487, 0.7718484702956758, 1732894353291178918, 
0.8530421257019043, 0.4957413375377655, 0.7717458448848538, 1732894353381129900, 
0.8530377745628357, 0.49574169516563416, 0.7717139905763584, 1732894353497262545, 
0.8548173904418945, 0.49767476320266724, 0.776959243271395, 1732894353591112485, 
0.8620308637619019, 0.5053185820579529, 0.7940704256548421, 1732894353692082031, 
0.8685023188591003, 0.5121817588806152, 0.8055176310803943, 1732894353781017336, 
0.8737655282020569, 0.5184210538864136, 0.8194885590720925, 1732894353880577185, 
0.8804941773414612, 0.5262130498886108, 0.8373171788482002, 1732894353991074054, 
0.8855138421058655, 0.5316399335861206, 0.8514198760265127, 1732894354088055621, 
0.8856824636459351, 0.531904399394989, 0.8552001852764982, 1732894354181493335, 
0.8855366706848145, 0.531760036945343, 0.8546547603124862, 1732894354281246853, 
0.8855652809143066, 0.5317599773406982, 0.8548679547922783, 1732894354390078031, 
0.8867940306663513, 0.5336520671844482, 0.855652957455213, 1732894354488045789, 
0.8938546180725098, 0.5424677133560181, 0.8723387868272952, 1732894354603572472, 
0.8997148871421814, 0.5502243041992188, 0.8879068900545716, 1732894354700345475, 
0.9040963649749756, 0.5564326047897339, 0.9001267401708446, 1732894354791041343, 
0.9099006056785583, 0.5639410018920898, 0.9317799222025892, 1732894354890307879, 
0.9146982431411743, 0.5710417032241821, 0.982178962145903, 1732894354981359823, 
0.919855535030365, 0.5788233876228333, 1.034987118103947, 1732894355080621095, 
0.9252154231071472, 0.5879026651382446, 1.0899604691054463, 1732894355191204203, 
0.9295773506164551, 0.5962549448013306, 1.1396733139510342, 1732894355291262843, 
0.9340474009513855, 0.6057392358779907, 1.195128660804771, 1732894355401468042, 
0.9373236894607544, 0.6147158741950989, 1.244418597629107, 1732894355500881790, 
0.9400517344474792, 0.6228417158126831, 1.2897888833850264, 1732894355592516011, 
0.9425401091575623, 0.63202303647995, 1.3396623400220855, 1732894355690293029, 
0.9449642896652222, 0.6424397230148315, 1.39489754576032, 1732894355801640909, 
0.9467843770980835, 0.6519289016723633, 1.4471077668949521, 1732894355900738783, 
0.9478381276130676, 0.6607100367546082, 1.4922712788820165, 1732894355991491007, 
0.9483330249786377, 0.6697927117347717, 1.5413567298037032, 1732894356091179710, 
0.9484941363334656, 0.6803572177886963, 1.5971514734720542, 1732894356200794419, 
0.948419988155365, 0.68803471326828, 1.6363016049856418, 1732894356301073632, 
0.94849693775177, 0.6886363625526428, 1.6400775596535757, 1732894356391117190, 
0.9486679434776306, 0.6882069706916809, 1.6381693547737939, 1732894356491075984, 
0.9486455321311951, 0.688244640827179, 1.6381693547737939, 1732894356601119264, 
0.9486455321311951, 0.688244640827179, 1.6381693547737939, 1732894356701578599, 
0.9486097097396851, 0.688189685344696, 1.6376833832594575, 1732894356794258435, 
0.9487093687057495, 0.6896542310714722, 1.6508541676905437, 1732894356887080830, 
0.9475114345550537, 0.6991739869117737, 1.7018750450359816, 1732894356996062468, 
0.9461163878440857, 0.7094524502754211, 1.7557609396133276, 1732894357096913207, 
0.9440302848815918, 0.7186617255210876, 1.804323823328583, 1732894357196126893, 
0.9420731067657471, 0.7270097136497498, 1.8513971370821334, 1732894357286229467, 
0.9394214153289795, 0.7359504103660583, 1.8992677023107167, 1732894357386044336, 
0.9358804821968079, 0.7458840012550354, 1.9572781364919145, 1732894357496020292, 
0.9326561689376831, 0.754228413105011, 2.004966299914326, 1732894357592047495, 
0.9284339547157288, 0.7630782723426819, 2.055367158277868, 1732894357691049862, 
0.926357626914978, 0.7669565081596375, 2.0793750541450784, 1732894357737117855, 
0.9211513996124268, 0.776460587978363, 2.1364007803541547, 1732894357851458629, 
0.9164004325866699, 0.783831775188446, 2.182508039823367, 1732894357941200397, 
0.9110563397407532, 0.7915457487106323, 2.2339413055981936, 1732894358041098964, 
0.90542072057724, 0.7986146211624146, 2.279658315057208, 1732894358137185715, 
0.8964250087738037, 0.808630645275116, 2.3541054466287754, 1732894358280668313, 
0.8890612125396729, 0.8157965540885925, 2.4090434022714744, 1732894358391443643, 
0.8820395469665527, 0.822105884552002, 2.460524466295611, 1732894358488095660, 
0.874755322933197, 0.8277624845504761, 2.493868611346773, 1732894358580729325, 
0.8657333254814148, 0.8338793516159058, 2.5153292903275504, 1732894358699570354, 
0.8584901094436646, 0.8388188481330872, 2.5341153123314104, 1732894358791115141, 
0.8506176471710205, 0.8437654972076416, 2.554993963423471, 1732894358889111908, 
0.8414835929870605, 0.8494267463684082, 2.579909371437773, 1732894359003440076, 
0.8364400267601013, 0.8523424863815308, 2.590916219976221, 1732894359083628850, 
0.8361067771911621, 0.8527883887290955, 2.596713233641385, 1732894359191830727, 
0.8345661163330078, 0.8539146184921265, 2.5881552895721773, 1732894359291378078, 
0.8253441452980042, 0.8599917888641357, 2.5618280151705033, 1732894359401385291, 
0.8191269040107727, 0.8644849061965942, 2.54660134329755, 1732894359481412541, 
0.8119950890541077, 0.8704136610031128, 2.5204112710734576, 1732894359591158000, 
0.8049772381782532, 0.8759881258010864, 2.495031593310421, 1732894359691226907, 
0.797519326210022, 0.8826943039894104, 2.461279363607637, 1732894359801235081, 
0.7926680445671082, 0.8877760767936707, 2.4349139440004546, 1732894359880821580, 
0.7860530018806458, 0.8946540355682373, 2.398659482781639, 1732894359991723614, 
0.7802713513374329, 0.9012340307235718, 2.3660610280245007, 1732894360091112336, 
0.7736711502075195, 0.9087786674499512, 2.3304858870284484, 1732894360200710760, 
0.7699347138404846, 0.9131574630737305, 2.3045534283763907, 1732894360301441786, 
0.7698949575424194, 0.9130148887634277, 2.3027498487297815, 1732894360391462227, 
0.7701973915100098, 0.9127988219261169, 2.3047666856780715, 1732894360491179052, 
0.7702032923698425, 0.9128550887107849, 2.305085072202938, 1732894360601073800, 
0.7702171802520752, 0.9128544330596924, 2.305085072202938, 1732894360701206208, 
0.7702158689498901, 0.9128267765045166, 2.305085072202938, 1732894360791386153, 
0.7702165246009827, 0.9128406047821045, 2.305085072202938, 1732894360891132805, 
0.7702165246009827, 0.9128406047821045, 2.305085072202938, 1732894361000951472, 
0.7702165246009827, 0.9128406047821045, 2.305085072202938, 1732894361100701817, 
0.7702165246009827, 0.9128406047821045, 2.305085072202938, 1732894361191292960, 
0.7702165246009827, 0.9128406047821045, 2.305085072202938, 1732894361291183617, 
0.7690584659576416, 0.9144319891929626, 2.2869477568947296, 1732894361400924381, 
0.7638309001922607, 0.9214617609977722, 2.234212352980595, 1732894361502275762, 
0.758545994758606, 0.9290924072265625, 2.184071181327693, 1732894361591210149, 
0.7538512349128723, 0.9362527132034302, 2.1271303593393536, 1732894361691168133, 
0.7492289543151855, 0.9447437524795532, 2.066031630236425, 1732894361801562633, 
0.7462679147720337, 0.9503176808357239, 2.021460271685041, 1732894361900663085, 
0.7459425330162048, 0.9505032896995544, 2.0127479119369798, 1732894361991256363, 
0.7459818124771118, 0.9502989649772644, 2.013476839943214, 1732894362091337734, 
0.7460263967514038, 0.9504373669624329, 2.0144596518875306, 1732894362201124560, 
0.7456255555152893, 0.952181339263916, 2.0018916246318534, 1732894362297019239, 
0.742912769317627, 0.9596710801124573, 1.955318151726664, 1732894362391283384, 
0.7396403551101685, 0.9690942764282227, 1.8985453710239744, 1732894362492465448, 
0.7373883724212646, 0.9772793650627136, 1.8543893818857398, 1732894362580817773, 
0.7353146076202393, 0.9869752526283264, 1.798866376482866, 1732894362697657011, 
0.7340772747993469, 0.9949243068695068, 1.7541684482883821, 1732894362791164541, 
0.7328941226005554, 1.0035903453826904, 1.707591157074981, 1732894362888213028, 
0.7325859069824219, 1.011651873588562, 1.6665056999505767, 1732894363001515846, 
0.7325100302696228, 1.0193259716033936, 1.6291610760107853, 1732894363081453909, 
0.7325934171676636, 1.0291340351104736, 1.5783848582461706, 1732894363191331008, 
0.733234703540802, 1.0378868579864502, 1.5371227398161165, 1732894363289188086, 
0.7344634532928467, 1.0483003854751587, 1.4964612137788842, 1732894363402609483, 
0.7352542877197266, 1.0551784038543701, 1.4756260654787983, 1732894363482783683, 
0.7369908094406128, 1.0644326210021973, 1.4477298477136908, 1732894363592173462, 
0.7385722398757935, 1.0731475353240967, 1.4187652489115672, 1732894363689808459, 
0.740742027759552, 1.08277428150177, 1.3932821157130537, 1732894363800755237, 
0.7424731254577637, 1.0898054838180542, 1.37755702138142, 1732894363881039977, 
0.7447460293769836, 1.099185824394226, 1.3574864417922876, 1732894363992569797, 
0.7469068169593811, 1.107777714729309, 1.338700654572909, 1732894364090855348, 
0.7497720122337341, 1.1173990964889526, 1.3293848374044628, 1732894364201636255, 
0.7522649168968201, 1.1263598203659058, 1.3248921710718826, 1732894364300684299, 
0.754231333732605, 1.1345020532608032, 1.3217678515453215, 1732894364392855486, 
0.756592333316803, 1.1430996656417847, 1.3191773852057525, 1732894364491544572, 
0.759480357170105, 1.1528886556625366, 1.3151339192345923, 1732894364601310817, 
0.7608985304832458, 1.1585906744003296, 1.3120084839760853, 1732894364701017843, 
0.7605323791503906, 1.1580686569213867, 1.3107830792677388, 1732894364791323210, 
0.7609151601791382, 1.1603844165802002, 1.316560442230083, 1732894364891262679, 
0.7640944123268127, 1.1723421812057495, 1.3347049356800833, 1732894365001585738, 
0.7664186358451843, 1.181730031967163, 1.3482110252518245, 1732894365101050617, 
0.7679720520973206, 1.1892162561416626, 1.3608715362467245, 1732894365191302119, 
0.7699705958366394, 1.1986881494522095, 1.377072232836019, 1732894365291224227, 
0.7712817788124084, 1.2062784433364868, 1.3889211244936766, 1732894365400716691, 
0.771406352519989, 1.2063183784484863, 1.3899580346954927, 1732894365501395886, 
0.7713085412979126, 1.2058053016662598, 1.3890295304632088, 1732894365591251166, 
0.7713050842285156, 1.2057859897613525, 1.3890295304632088, 1732894365691218625, 
0.7712206244468689, 1.2057377099990845, 1.388201067326986, 1732894365797530942, 
0.7714105248451233, 1.2074368000030518, 1.3942680269705747, 1732894365877354259, 
0.7731315493583679, 1.2190884351730347, 1.4187725441779953, 1732894365996280228, 
0.7743226885795593, 1.228182077407837, 1.4376938089129725, 1732894366086238901, 
0.7751806974411011, 1.2370489835739136, 1.457946651167452, 1732894366186100372, 
0.7762525081634521, 1.2480417490005493, 1.482039177078967, 1732894366302752837, 
0.776823878288269, 1.2566559314727783, 1.5009643810106637, 1732894366391411032, 
0.7774988412857056, 1.2659844160079956, 1.5226311869621056, 1732894366491248053, 
0.7776657938957214, 1.273442029953003, 1.540239680635479, 1732894366601414577, 
0.7777117490768433, 1.273667335510254, 1.5409241728908138, 1732894366681417368, 
0.777678906917572, 1.2735501527786255, 1.540244993199993, 1732894366791330895, 
0.7777038216590881, 1.2735512256622314, 1.5404891658731987, 1732894366892254482, 
0.7776913642883301, 1.2735410928726196, 1.5403692447925201, 1732894367001151777, 
0.7777014970779419, 1.2735493183135986, 1.5404664175334077, 1732894367098585170, 
0.7776713371276855, 1.2735247611999512, 1.5401764403939022, 1732894367192329411, 
0.7776801586151123, 1.2735319137573242, 1.5402611746642605, 1732894367293281753, 
0.7776442766189575, 1.2760941982269287, 1.5451096795318384, 1732894367401200318, 
0.7777045965194702, 1.2848029136657715, 1.5583842663974445, 1732894367481149146, 
0.7774829864501953, 1.295751690864563, 1.5764342826145012, 1732894367591337878, 
0.7772077918052673, 1.303773283958435, 1.5901795795141995, 1732894367689250856, 
0.7767224311828613, 1.3143970966339111, 1.6076372827096073, 1732894367801726057, 
0.7762003540992737, 1.3222311735153198, 1.622088084859393, 1732894367882090924, 
0.7753342986106873, 1.3320159912109375, 1.6373121749025408, 1732894367992494383, 
0.774378776550293, 1.3409125804901123, 1.6507924823297258, 1732894368089866343, 
0.7734387516975403, 1.3512266874313354, 1.6638464421761348, 1732894368203372786, 
0.7725717425346375, 1.358742594718933, 1.6690682851101983, 1732894368280876006, 
0.7714609503746033, 1.3690813779830933, 1.6776476721422766, 1732894368391777401, 
0.7702735662460327, 1.3784184455871582, 1.686271613465066, 1732894368490912091, 
0.7688915729522705, 1.3877655267715454, 1.6909115222914586, 1732894368600732194, 
0.7679662704467773, 1.3933295011520386, 1.6950517820444058, 1732894368680783056, 
0.7680370807647705, 1.3937371969223022, 1.6965465489495077, 1732894368791675658, 
0.7681591510772705, 1.3935785293579102, 1.6978182693221109, 1732894368890866320, 
0.7676937580108643, 1.3973770141601562, 1.6961583214746097, 1732894369001283193, 
0.7665572762489319, 1.4084171056747437, 1.6944000907705827, 1732894369101792699, 
0.7657716274261475, 1.4169223308563232, 1.6941149701606915, 1732894369193217933, 
0.7648805975914001, 1.425234079360962, 1.690661134008326, 1732894369290810926, 
0.7638761401176453, 1.435371994972229, 1.682867957743812, 1732894369401610974, 
0.7630646824836731, 1.4445570707321167, 1.6789279451954051, 1732894369501731095, 
0.7625682353973389, 1.4524364471435547, 1.6740036538508405, 1732894369591350913, 
0.7620252370834351, 1.4609642028808594, 1.6649836662733792, 1732894369691294020, 
0.7612963318824768, 1.47129225730896, 1.6591014513279478, 1732894369801197437, 
0.7606129050254822, 1.4785301685333252, 1.6537538873709223, 1732894369881154491, 
0.7602564692497253, 1.4881997108459473, 1.6458372946911344, 1732894369992348653, 
0.7597910761833191, 1.496753454208374, 1.6376678613987896, 1732894370092303701, 
0.7597599029541016, 1.4999067783355713, 1.635532034742132, 1732894370202505415, 
0.7597500085830688, 1.4997684955596924, 1.635532034742132, 1732894370301825255, 
0.7597486972808838, 1.4997880458831787, 1.635532034742132, 1732894370391423859, 
0.7597486972808838, 1.4997880458831787, 1.635532034742132, 1732894370491543428, 
0.7597486972808838, 1.4997880458831787, 1.635532034742132, 1732894370600820308, 
0.7597486972808838, 1.4997880458831787, 1.635532034742132, 1732894370702030641, 
0.7598275542259216, 1.5023258924484253, 1.6314478842111393, 1732894370792314310, 
0.7591935992240906, 1.5131680965423584, 1.6276938406568087, 1732894370892316802, 
0.7592729330062866, 1.5236445665359497, 1.6225254698058775, 1732894371001011186, 
0.759118914604187, 1.5298951864242554, 1.617059731483453, 1732894371081400484, 
0.7593892216682434, 1.5396968126296997, 1.6100862811589838, 1732894371192466477, 
0.7595744132995605, 1.546338677406311, 1.6073834877005233, 1732894371292332445, 
0.7593292593955994, 1.5463248491287231, 1.6043054057705832, 1732894371400671076, 
0.7593119144439697, 1.546366810798645, 1.604343624491919, 1732894371497840455, 
0.7593159079551697, 1.546370506286621, 1.6043844097680409, 1732894371591458120, 
0.7593209743499756, 1.5463752746582031, 1.604436096932929, 1732894371693327152, 
0.7593280673027039, 1.5463818311691284, 1.6045082890709552, 1732894371801363141, 
0.7593305706977844, 1.546385645866394, 1.6044383097985577, 1732894371881043464, 
0.7593319416046143, 1.546386957168579, 1.604452115759, 1732894371992484083, 
0.7593255639076233, 1.5463811159133911, 1.6043867780429624, 1732894372089418647, 
0.7592266798019409, 1.5499714612960815, 1.6027288276860618, 1732894372201895058, 
0.7593493461608887, 1.5608550310134888, 1.6004450506294212, 1732894372299827114, 
0.7594003677368164, 1.5700238943099976, 1.5959954043250835, 1732894372392439777, 
0.7592955231666565, 1.577653408050537, 1.5899382160569442, 1732894372490343766, 
0.7592313885688782, 1.5883913040161133, 1.5881307622749863, 1732894372604231127, 
0.7592419981956482, 1.5960837602615356, 1.585239004765537, 1732894372683794140, 
0.7592723965644836, 1.6058818101882935, 1.5806303793484988, 1732894372793035405, 
0.7594547867774963, 1.6147137880325317, 1.5810017111458325, 1732894372890728508, 
0.7595734596252441, 1.6253288984298706, 1.57721239957809, 1732894373002366852, 
0.7598022818565369, 1.6329563856124878, 1.5745808981030758, 1732894373081887996, 
0.7598006725311279, 1.6429455280303955, 1.5711806013676108, 1732894373191707004, 
0.7598302960395813, 1.6518006324768066, 1.5709632720727498, 1732894373292496376, 
0.7600759267807007, 1.6624054908752441, 1.5536027012945057, 1732894373401713589, 
0.7608895301818848, 1.6710129976272583, 1.521049699822076, 1732894373502113577, 
0.7617205381393433, 1.6789788007736206, 1.4963078900753852, 1732894373593304114, 
0.7629252672195435, 1.6878764629364014, 1.4653210493049773, 1732894373692225061, 
0.7648718357086182, 1.6972442865371704, 1.4337517164209115, 1732894373802617046, 
0.765956699848175, 1.7028471231460571, 1.4121943904541034, 1732894373902437625, 
0.7660791873931885, 1.7033063173294067, 1.4101918509907507, 1732894373992497965, 
0.7664542198181152, 1.7047253847122192, 1.3993959901738677, 1732894374093379920, 
0.7688122987747192, 1.7142454385757446, 1.3460073132051515, 1732894374202398991, 
0.7716124057769775, 1.7238425016403198, 1.293367589998877, 1732894374301908365, 
0.7741434574127197, 1.731536626815796, 1.2470636992326642, 1732894374392493413, 
0.7775877714157104, 1.7402206659317017, 1.1944494128986403, 1732894374492385514, 
0.7803728580474854, 1.7471781969070435, 1.143157821910664, 1732894374602640314, 
0.7830446362495422, 1.7518389225006104, 1.1101615592938883, 1732894374701669402, 
0.7874245047569275, 1.7593213319778442, 1.0590982302218437, 1732894374791752987, 
0.7923109531402588, 1.7670994997024536, 1.0064491100194266, 1732894374892389877, 
0.7963037490844727, 1.7731163501739502, 0.9595251429376653, 1732894374982354578, 
0.8029019236564636, 1.7811577320098877, 0.902271484061843, 1732894375096816713, 
0.8074697852134705, 1.7866566181182861, 0.8600843732173981, 1732894375197401079, 
0.8072860836982727, 1.787164568901062, 0.852894358191213, 1732894375287397940, 
0.808168351650238, 1.787716269493103, 0.8488872932195314, 1732894375387377577, 
0.8155264854431152, 1.7952631711959839, 0.8098634870434388, 1732894375496709943, 
0.8227444887161255, 1.802538514137268, 0.7716542369008951, 1732894375592460309, 
0.8293354511260986, 1.8089951276779175, 0.7426617529408082, 1732894375692573565, 
0.8372417688369751, 1.8160256147384644, 0.7081289895715884, 1732894375802294310, 
0.8424897193908691, 1.8204760551452637, 0.6849424853164997, 1732894375898477665, 
0.8460983037948608, 1.8236939907073975, 0.6770335170315124, 1732894375992399150, 
0.8549709916114807, 1.8306660652160645, 0.6603665395951467, 1732894376093408147, 
0.8632567524909973, 1.8371893167495728, 0.639375775085334, 1732894376202124305, 
0.8690699934959412, 1.8413455486297607, 0.6340489511658127, 1732894376282489847, 
0.8779966831207275, 1.8475563526153564, 0.6307296905528292, 1732894376392451239, 
0.8855569362640381, 1.853157639503479, 0.6260660923529218, 1732894376489431439, 
0.8932754397392273, 1.8585460186004639, 0.6238962757224091, 1732894376581979743, 
0.9013186693191528, 1.864171028137207, 0.6216175947728635, 1732894376682459941, 
0.9096505045890808, 1.8702033758163452, 0.622287241498554, 1732894376792624839, 
0.9174387454986572, 1.8757036924362183, 0.6228731308205114, 1732894376889662118, 
0.9267397522926331, 1.8824849128723145, 0.6156525556893756, 1732894377004436089, 
0.9329453110694885, 1.8867121934890747, 0.6052740283898607, 1732894377083897866, 
0.941907525062561, 1.8930978775024414, 0.5924768687558272, 1732894377192503607, 
0.9502992630004883, 1.8987855911254883, 0.5813229726023093, 1732894377291927059, 
0.9590166807174683, 1.9045581817626953, 0.5685294067768215, 1732894377401788952, 
0.9670732617378235, 1.909705400466919, 0.5568298513779804, 1732894377501888677, 
0.974529504776001, 1.914320945739746, 0.5460713691237117, 1732894377591716728, 
0.9828590750694275, 1.919495701789856, 0.5356109378244037, 1732894377691704486, 
0.9924607872962952, 1.9254428148269653, 0.5155245702397233, 1732894377802314158, 
1.0007685422897339, 1.9297974109649658, 0.4874376015177972, 1732894377902540880, 
1.0083343982696533, 1.9341291189193726, 0.4616320332749739, 1732894377992794594, 
1.0170783996582031, 1.9381756782531738, 0.43737139199047137, 1732894378092329333, 
1.0267797708511353, 1.9425749778747559, 0.4075291974660928, 1732894378201806084, 
1.0338542461395264, 1.9455976486206055, 0.38847966486408625, 1732894378282294278, 
1.043675422668457, 1.9492226839065552, 0.36099604088210807, 1732894378392488562, 
1.0527074337005615, 1.9528378248214722, 0.33648945538495534, 1732894378492455203, 
1.0630812644958496, 1.9565155506134033, 0.304791078257864, 1732894378601681759, 
1.0726057291030884, 1.959229588508606, 0.2744039825283656, 1732894378702155807, 
1.0811383724212646, 1.9615951776504517, 0.24721278651898468, 1732894378792503526, 
1.0904200077056885, 1.963795781135559, 0.21448277622776307, 1732894378892626452, 
1.1008168458938599, 1.9659442901611328, 0.1778151597287582, 1732894379001803456, 
1.1068044900894165, 1.9671133756637573, 0.1548614770626558, 1732894379082183325, 
1.1076332330703735, 1.9674053192138672, 0.1493714509714844, 1732894379192469933, 
1.1075289249420166, 1.9674286842346191, 0.14946753361609003, 1732894379292451973, 
1.1075371503829956, 1.967439889907837, 0.14946753361609003, 1732894379397746162, 
1.107546329498291, 1.9674333333969116, 0.14944818620678185, 1732894379498298434, 
1.107550024986267, 1.9674301147460938, 0.14948523509653053, 1732894379597483472, 
1.1075479984283447, 1.967431902885437, 0.14946514504940864, 1732894379687474252, 
1.1075493097305298, 1.9674307107925415, 0.14947704520790525, 1732894379796818776, 
1.1086491346359253, 1.967394471168518, 0.14579942804220566, 1732894379877060100, 
1.1194136142730713, 1.9679399728775024, 0.11896736755343944, 1732894379992487938, 
1.128831386566162, 1.96840238571167, 0.09207944231272824, 1732894380092461679, 
1.137941598892212, 1.968746542930603, 0.07166708171333405, 1732894380202609159, 
1.144913911819458, 1.9685076475143433, 0.05578528933477048, 1732894380282361487, 
1.152388095855713, 1.9686213731765747, 0.037203740962010894, 1732894380392489814, 
1.1524453163146973, 1.9687637090682983, 0.03286619963005041, 1732894380493641606, 
1.155340552330017, 1.9684855937957764, 0.025234979956178863, 1732894380602268162, 
1.1649575233459473, 1.967888593673706, 0.001211683521365009, 1732894380699501208, 
1.1734472513198853, 1.9670705795288086, -0.022360699982714418, 1732894380791763423, 
1.1813902854919434, 1.9662103652954102, -0.04066445646570999, 1732894380889608020, 
1.1896578073501587, 1.9650890827178955, -0.05704627538538775, 1732894380982125806, 
1.199920892715454, 1.963918685913086, -0.0684192281958153, 1732894381099684359, 
1.2078322172164917, 1.9629236459732056, -0.07697433272110722, 1732894381191659658, 
1.2168943881988525, 1.9618734121322632, -0.08746255934961537, 1732894381289921634, 
1.2261347770690918, 1.9604766368865967, -0.0978949029902227, 1732894381402907827, 
1.2331255674362183, 1.9594236612319946, -0.10554096391520014, 1732894381484229319, 
1.2429016828536987, 1.9577405452728271, -0.11625774113952778, 1732894381593772273, 
1.2518209218978882, 1.9565014839172363, -0.1251195494648532, 1732894381692075244, 
1.2617801427841187, 1.955113172531128, -0.1277833061934964, 1732894381801945794, 
1.2689484357833862, 1.9542750120162964, -0.12789511799809797, 1732894381882140936, 
1.2790803909301758, 1.9529392719268799, -0.1271982400014885, 1732894381992843917, 
1.2884191274642944, 1.9516962766647339, -0.12598926258346763, 1732894382091955302, 
1.2984435558319092, 1.9504597187042236, -0.126091129695197, 1732894382202627090, 
1.3059697151184082, 1.9497071504592896, -0.11020720392743014, 1732894382281680841, 
1.31624174118042, 1.9488515853881836, -0.054927351054978917, 1732894382392793221, 
1.3256524801254272, 1.9483580589294434, -0.01334066131495679, 1732894382492097305, 
1.3357175588607788, 1.9485254287719727, 0.03530326498376602, 1732894382602483943, 
1.344870686531067, 1.9488686323165894, 0.07699969552148012, 1732894382702574854, 
1.3512673377990723, 1.9492733478546143, 0.10892448853988257, 1732894382792562518, 
1.3524419069290161, 1.9492366313934326, 0.1150485241988867, 1732894382892557372, 
1.3519071340560913, 1.9489954710006714, 0.11436228064367183, 1732894383002055297, 
1.3517460823059082, 1.949082851409912, 0.11332261252091035, 1732894383102574726, 
1.3517374992370605, 1.949072003364563, 0.11332264246177277, 1732894383192557973, 
1.3517374992370605, 1.949072003364563, 0.11332264246177277, 1732894383292530332, 
1.3517374992370605, 1.949072003364563, 0.11332264246177277, 1732894383401714631, 
1.3517374992370605, 1.949072003364563, 0.11332264246177277, 1732894383503319564, 
1.3517374992370605, 1.949072003364563, 0.11332264246177277, 1732894383591716185, 
1.3517374992370605, 1.949072003364563, 0.11332264246177277, 1732894383691698548, 
1.3517374992370605, 1.949072003364563, 0.11332264246177277, 1732894383803294286, 
1.3517374992370605, 1.949072003364563, 0.11332264246177277, 1732894383902723576, 
1.3517374992370605, 1.949072003364563, 0.11332264246177277, 1732894383992640275, 
1.3517374992370605, 1.949072003364563, 0.11332264246177277, 1732894384092551218, 
1.3517374992370605, 1.949072003364563, 0.11332264246177277, 1732894384202262036, 
1.3517374992370605, 1.949072003364563, 0.11332264246177277, 1732894384304616231, 
1.3517374992370605, 1.949072003364563, 0.11332264246177277, 1732894384391687744, 
1.3517611026763916, 1.9490501880645752, 0.11356177151820533, 1732894384492562766, 
1.3535652160644531, 1.949306845664978, 0.1291783470311297, 1732894384601833278, 
1.3558335304260254, 1.9496945142745972, 0.1402579444657311, 1732894384632433388, 
1.3659946918487549, 1.9512490034103394, 0.1910634369241021, 1732894384732590707, 
1.3766050338745117, 1.9533156156539917, 0.24783636276899187, 1732894384842569651, 
1.3855284452438354, 1.9556670188903809, 0.29729395439068274, 1732894384938920953, 
1.393891453742981, 1.9583455324172974, 0.3431905715398096, 1732894385032541161, 
1.4067870378494263, 1.963173508644104, 0.41762147572037267, 1732894385192569211, 
1.4078205823898315, 1.963324785232544, 0.42372221379417946, 1732894385294574611, 
1.407094955444336, 1.9631017446517944, 0.42026248599483, 1732894385401813261, 
1.4071605205535889, 1.9631028175354004, 0.42061477107113493, 1732894385542770558, 
1.4071418046951294, 1.9631115198135376, 0.42046091351090614, 1732894385592752084, 
1.408347249031067, 1.96354341506958, 0.43059055075297425, 1732894385690573892, 
1.4154155254364014, 1.9671010971069336, 0.46801324820082435, 1732894385783324373, 
1.425943374633789, 1.9729176759719849, 0.5275518826854745, 1732894385900932897, 
1.4334235191345215, 1.9770675897598267, 0.5689685006495467, 1732894385993740898, 
1.4408526420593262, 1.9817272424697876, 0.6090912167906893, 1732894386091547106, 
1.4477946758270264, 1.9866247177124023, 0.6468823488514442, 1732894386183683743, 
1.4564752578735352, 1.9934413433074951, 0.6904669883076948, 1732894386302431090, 
1.4632377624511719, 1.9989951848983765, 0.7278799673459116, 1732894386393274887, 
1.4702900648117065, 2.005385160446167, 0.7643579260067721, 1732894386491859682, 
1.4777120351791382, 2.012624502182007, 0.8021443384990737, 1732894386602508416, 
1.4843302965164185, 2.019810676574707, 0.832645728426246, 1732894386702315259, 
1.490142822265625, 2.0261049270629883, 0.8611128107265634, 1732894386792841743, 
1.496315598487854, 2.033644437789917, 0.8907558496351611, 1732894386893081920, 
1.5028868913650513, 2.041799545288086, 0.9246653669547146, 1732894387002563732, 
1.5071001052856445, 2.0475568771362305, 0.9475332450605013, 1732894387102758217, 
1.507292628288269, 2.0475192070007324, 0.9528397741278708, 1732894387192687682, 
1.5071569681167603, 2.0472166538238525, 0.9525940973535048, 1732894387291763083, 
1.507140874862671, 2.0472278594970703, 0.9525940973535048, 1732894387383179691, 
1.507143259048462, 2.0472142696380615, 0.9525940973535048, 1732894387481768072, 
1.507143259048462, 2.0472142696380615, 0.9525940973535048, 1732894387591733297, 
1.507143259048462, 2.0472142696380615, 0.9525940973535048, 1732894387693618629, 
1.507143259048462, 2.0472142696380615, 0.9525940973535048, 1732894387742874438, 
1.507143259048462, 2.0472142696380615, 0.9525940973535048, 1732894387832978250, 
1.5119675397872925, 2.0536110401153564, 0.950642458832168, 1732894387944322036, 
1.5176701545715332, 2.0630483627319336, 0.9552151587013563, 1732894388041672649, 
1.5226496458053589, 2.0695888996124268, 0.9581900329459629, 1732894388137886533, 
1.5301568508148193, 2.08036208152771, 0.9575152725783285, 1732894388278844039, 
1.5347552299499512, 2.0869171619415283, 0.9582489658966474, 1732894388396669290, 
1.5348992347717285, 2.08697247505188, 0.9594839851938498, 1732894388486688496, 
1.5347881317138672, 2.0867650508880615, 0.959840317989674, 1732894388597546364, 
1.5356875658035278, 2.08830189704895, 0.9634469923622632, 1732894388682750000, 
1.5421355962753296, 2.0977542400360107, 0.981510951300226, 1732894388792609870, 
1.547603964805603, 2.106365919113159, 0.9963751674394151, 1732894388891670837, 
1.5529346466064453, 2.1145472526550293, 1.0128709106436993, 1732894389003641395, 
1.5568374395370483, 2.1209700107574463, 1.0277597924015751, 1732894389083546852, 
1.5608845949172974, 2.127903938293457, 1.0438055410444769, 1732894389192822372, 
1.5611051321029663, 2.128167152404785, 1.0448727680954821, 1732894389293645626, 
1.5609722137451172, 2.128058910369873, 1.0435994458151905, 1732894389402720322, 
1.5610007047653198, 2.1280922889709473, 1.0438699581498836, 1732894389482545917, 
1.5609543323516846, 2.1280696392059326, 1.0434909211325107, 1732894389592761950, 
1.5609933137893677, 2.1280770301818848, 1.043786669046841, 1732894389693811828, 
1.561503529548645, 2.128735303878784, 1.0476207547525065, 1732894389782967242, 
1.5659579038619995, 2.1374731063842773, 1.071954512840707, 1732894389883572562, 
1.5714291334152222, 2.1483352184295654, 1.1014462306998565, 1732894389993649559, 
1.5751230716705322, 2.1557133197784424, 1.121149715191177, 1732894390090633241, 
1.578547477722168, 2.163747549057007, 1.1409487442397266, 1732894390182688402, 
1.5822529792785645, 2.1725618839263916, 1.1619660028902088, 1732894390283470532, 
1.5860005617141724, 2.1823203563690186, 1.1858520404808706, 1732894390393628808, 
1.5890284776687622, 2.191112518310547, 1.2080697582378541, 1732894390490674526, 
1.5918947458267212, 2.1993119716644287, 1.2265925966815896, 1732894390583778547, 
1.5947858095169067, 2.208057165145874, 1.2445958440829439, 1732894390684516805, 
1.5978187322616577, 2.2184338569641113, 1.2652842509373425, 1732894390792978978, 
1.6002839803695679, 2.227735757827759, 1.2822501309130194, 1732894390892024703, 
1.6031571626663208, 2.2376089096069336, 1.298500589734718, 1732894391003610521, 
1.6055712699890137, 2.2469322681427, 1.314905337282746, 1732894391102947794, 
1.607561707496643, 2.255498170852661, 1.3297062913426896, 1732894391193480034, 
1.6095205545425415, 2.264382839202881, 1.3440637342443766, 1732894391293303532, 
1.6114906072616577, 2.2727253437042236, 1.358323528719058, 1732894391383029725, 
1.6135810613632202, 2.283700942993164, 1.379016286834392, 1732894391503052676, 
1.6150296926498413, 2.2920217514038086, 1.3944534339829764, 1732894391593682817, 
1.6166280508041382, 2.3017218112945557, 1.4121702114959647, 1732894391692667115, 
1.6178600788116455, 2.31022572517395, 1.4284906055605182, 1732894391783610722, 
1.6187770366668701, 2.3186633586883545, 1.4415725614239245, 1732894391902892337, 
1.61924147605896, 2.321690082550049, 1.4496878627195455, 1732894391992670306, 
1.6201167106628418, 2.3322842121124268, 1.4714627920787366, 1732894392092693895, 
1.6210227012634277, 2.3439083099365234, 1.4924864487880594, 1732894392203601996, 
1.6216429471969604, 2.3523194789886475, 1.5080007510851432, 1732894392303426878, 
1.6218762397766113, 2.361036777496338, 1.525213390162377, 1732894392392828706, 
1.6222114562988281, 2.368379831314087, 1.539550370033755, 1732894392492719029, 
1.6221644878387451, 2.368558406829834, 1.5400073081482628, 1732894392602846846, 
1.6221872568130493, 2.368293046951294, 1.5400073081482628, 1732894392683593361, 
1.6221777200698853, 2.368303060531616, 1.5400073081482628, 1732894392793016456, 
1.6221777200698853, 2.368303060531616, 1.5400073081482628, 1732894392892707085, 
1.6221635341644287, 2.3682737350463867, 1.5397795818725362, 1732894392988523516, 
1.622055172920227, 2.3698575496673584, 1.5437382565648063, 1732894393079088125, 
1.6220492124557495, 2.3825697898864746, 1.5574926365410435, 1732894393197686155, 
1.6220192909240723, 2.3917112350463867, 1.5683089165845614, 1732894393287707823, 
1.6216224431991577, 2.4013679027557373, 1.582272002782981, 1732894393398529996, 
1.6212412118911743, 2.408310890197754, 1.5880850742958936, 1732894393477739142, 
1.6208325624465942, 2.4200994968414307, 1.6014643799056094, 1732894393596784143, 
1.6204509735107422, 2.4293951988220215, 1.6117915444192006, 1732894393692723563, 
1.6197400093078613, 2.4394962787628174, 1.6210652569320814, 1732894393802880966, 
1.6189316511154175, 2.4465222358703613, 1.6277096105708286, 1732894393882936075, 
1.6179944276809692, 2.4569947719573975, 1.6412174874675693, 1732894393992896591, 
1.6170669794082642, 2.46593976020813, 1.650657014187943, 1732894394093730541, 
1.6161280870437622, 2.476335287094116, 1.6570052636522317, 1732894394202676295, 
1.6154197454452515, 2.4839255809783936, 1.6618805383048785, 1732894394283438755, 
1.6143584251403809, 2.494396924972534, 1.668096905826258, 1732894394392727969, 
1.613425612449646, 2.5030710697174072, 1.6688444013719443, 1732894394489874982, 
1.612256407737732, 2.514157295227051, 1.6706305709157394, 1732894394602901816, 
1.6114329099655151, 2.5217976570129395, 1.6714939162837004, 1732894394683405120, 
1.610417127609253, 2.532153367996216, 1.671838979134475, 1732894394792916157, 
1.6095789670944214, 2.5415244102478027, 1.6711988346175828, 1732894394890910482, 
1.6090145111083984, 2.546266555786133, 1.670410576945101, 1732894394939710999, 
1.607686161994934, 2.5608773231506348, 1.6627710085451977, 1732894395101841723, 
1.6069263219833374, 2.5696909427642822, 1.6592925961461633, 1732894395194416389, 
1.606225609779358, 2.5789811611175537, 1.6532257183798302, 1732894395293773405, 
1.6056023836135864, 2.5875678062438965, 1.648946462083402, 1732894395382835992, 
1.6049410104751587, 2.5970284938812256, 1.6435643114491219, 1732894395482973586, 
1.604319453239441, 2.6040823459625244, 1.6363814021588574, 1732894395593646727, 
1.6044011116027832, 2.604252576828003, 1.6369149766212414, 1732894395693119589, 
1.6044039726257324, 2.604325771331787, 1.6365134336678109, 1732894395803093034, 
1.6043810844421387, 2.604304552078247, 1.6361787111158563, 1732894395903186662, 
1.6043720245361328, 2.6042940616607666, 1.6361787111158563, 1732894395993768347, 
1.6043720245361328, 2.6042940616607666, 1.6361787111158563, 1732894396092777190, 
1.6043720245361328, 2.6042940616607666, 1.6361787111158563, 1732894396203286882, 
1.6043939590454102, 2.604315757751465, 1.6364073257388785, 1732894396303627157, 
1.6043939590454102, 2.604315757751465, 1.6364073257388785, 1732894396392791019, 
1.6043939590454102, 2.604315757751465, 1.6364073257388785, 1732894396492767851, 
1.6043939590454102, 2.604315757751465, 1.6364073257388785, 1732894396588328590, 
1.6043939590454102, 2.604315757751465, 1.6364073257388785, 1732894396633042964, 
1.6043939590454102, 2.604315757751465, 1.6364073257388785, 1732894396743778776, 
1.6043939590454102, 2.604315757751465, 1.6364073257388785, 1732894396842875538, 
1.6043939590454102, 2.604315757751465, 1.6364073257388785, 1732894396937937788, 
1.6043998003005981, 2.6043214797973633, 1.636468557879034, 1732894397053137178, 
1.6043998003005981, 2.6043214797973633, 1.636468557879034, 1732894397193393513, 
1.6043998003005981, 2.6043214797973633, 1.636468557879034, 1732894397292828037, 
1.6043998003005981, 2.6043214797973633, 1.636468557879034, 1732894397403039257, 
1.6044048070907593, 2.6043264865875244, 1.6365204336052532, 1732894397478549045, 
1.6044048070907593, 2.6043264865875244, 1.6365199756641562, 1732894397597767586, 
1.6044048070907593, 2.6043264865875244, 1.6365200230365333, 1732894397687826274, 
1.6044048070907593, 2.6043264865875244, 1.636519727920751, 1732894397798945128, 
1.6044048070907593, 2.6043264865875244, 1.636519752904993, 1732894397899012441, 
1.6044048070907593, 2.6043264865875244, 1.636519070693439, 1732894397997835681, 
1.6044048070907593, 2.6043264865875244, 1.6365185486141602, 1732894398087906874, 
1.6044048070907593, 2.6043264865875244, 1.6365185512853864, 1732894398182929544, 
1.6044048070907593, 2.6043264865875244, 1.6365185288591848, 1732894398299213694, 
1.6044048070907593, 2.6043264865875244, 1.6365188719224986, 1732894398393021059, 
1.6044048070907593, 2.6043264865875244, 1.636518700038839, 1732894398493799074, 
1.6044048070907593, 2.6043264865875244, 1.6365190356848143, 1732894398603231616, 
1.6044048070907593, 2.6043264865875244, 1.6365192207273116, 1732894398683513682, 
1.6044048070907593, 2.6043264865875244, 1.6365193965529665, 1732894398792939983, 
1.6044048070907593, 2.6043264865875244, 1.6365197510503862, 1732894398889810309, 
1.6044048070907593, 2.6043264865875244, 1.6365195917786934, 1732894398983398802, 
1.6044048070907593, 2.6043264865875244, 1.6365197575692607, 1732894399100664137, 
1.6044048070907593, 2.6043264865875244, 1.6365197573898131, 1732894399192949114, 
1.6044048070907593, 2.6043264865875244, 1.6365197658509854, 1732894399290919501, 
1.6044048070907593, 2.6043264865875244, 1.6365196197473872, 1732894399383751887, 
1.6044048070907593, 2.6043264865875244, 1.6365199619937247, 1732894399485444185, 
1.6044048070907593, 2.6043264865875244, 1.6365192732712048, 1732894399581874810, 
1.6044048070907593, 2.6043264865875244, 1.6365187487384638, 1732894399645919127, 
1.6044048070907593, 2.6043264865875244, 1.6365183974895698, 1732894399743311887, 
1.6044048070907593, 2.6043264865875244, 1.6365180403636221, 1732894399834024165, 
1.6044048070907593, 2.6043264865875244, 1.6365176977209301, 1732894399944589662, 
1.6044048070907593, 2.6043264865875244, 1.6365176841810285, 1732894400043170234, 
1.6044048070907593, 2.6043264865875244, 1.636517155651076, 1732894400183059179, 
1.6044048070907593, 2.6043264865875244, 1.636517155651076, 1732894400283342546, 
1.6044048070907593, 2.6043264865875244, 1.6365170121188901, 1732894400393824991, 
1.6044048070907593, 2.6043264865875244, 1.6365170121188901, 1732894400492851188, 
1.6044048070907593, 2.6043264865875244, 1.6365170121188901, 1732894400603395885, 
1.6044048070907593, 2.6043264865875244, 1.6365162270341627, 1732894400704286535, 
1.6044048070907593, 2.6043264865875244, 1.6365162270341627, 1732894400792867969, 
1.6044048070907593, 2.6043264865875244, 1.6365162270341627, 1732894400892846555, 
1.6044048070907593, 2.6043264865875244, 1.6365162270341627, 1732894400983826104, 
1.6044048070907593, 2.6043264865875244, 1.6365162270341627, 1732894401104130957, 
1.6044048070907593, 2.6043264865875244, 1.6365162270341627, 1732894401193021624, 
1.6044048070907593, 2.6043264865875244, 1.6365162270341627, 1732894401292864493, 
1.6044048070907593, 2.6043264865875244, 1.6365162270341627, 1732894401384734558, 
1.6044048070907593, 2.6043264865875244, 1.6365162270341627, 1732894401503380091, 
1.6044048070907593, 2.6043264865875244, 1.6365162270341627, 1732894401593143797, 
1.6044048070907593, 2.6043264865875244, 1.6365162270341627, 1732894401692860816, 
1.6044048070907593, 2.6043264865875244, 1.636515896487026, 1732894401787091226, 
1.6044048070907593, 2.6043264865875244, 1.636515873558741, 1732894401879107245, 
1.6044048070907593, 2.6043264865875244, 1.6365160210624816, 1732894401979529526, 
1.6044048070907593, 2.6043264865875244, 1.636516346802483, 1732894402087858316, 
1.6044048070907593, 2.6043264865875244, 1.6365161720752905, 1732894402197727123, 
1.6044048070907593, 2.6043264865875244, 1.6365161720752905, 1732894402305084887, 
1.6044048070907593, 2.6043264865875244, 1.6365161720752905, 1732894402393035914, 
1.6044048070907593, 2.6043264865875244, 1.6365163576205213, 1732894402492865064, 
1.6044048070907593, 2.6043264865875244, 1.6365162165489586, 1732894402583223211, 
1.6044048070907593, 2.6043264865875244, 1.6365161364306129, 1732894402698746328, 
1.6044048070907593, 2.6043264865875244, 1.6365161638510493, 1732894402792883309, 
1.6044048070907593, 2.6043264865875244, 1.6365161952043488, 1732894402893911333, 
1.6044048070907593, 2.6043264865875244, 1.636516035454769, 1732894403003490382, 
1.6044048070907593, 2.6043264865875244, 1.6365160506948202, 1732894403034303337, 
1.6044048070907593, 2.6043264865875244, 1.6365160614689254, 1732894403142930136, 
1.6044048070907593, 2.6043264865875244, 1.6365160587799443, 1732894403243068213, 
1.6044048070907593, 2.6043264865875244, 1.6365158824944008, 1732894403340887544, 
1.6044048070907593, 2.6043264865875244, 1.6365160550240516, 1732894403432992118, 
1.6044048070907593, 2.6043264865875244, 1.6365162020257666, 1732894403592893943, 
1.6044048070907593, 2.6043264865875244, 1.6365161790468652, 1732894403690985004, 
1.6044048070907593, 2.6043264865875244, 1.6365161470280556, 1732894403784381176, 
1.6044048070907593, 2.6043264865875244, 1.6365163919555974, 1732894403902209937, 
1.6044048070907593, 2.6043264865875244, 1.6365161741127856, 1732894403994824196, 
1.6044048070907593, 2.6043264865875244, 1.6365160904292042, 1732894404092381383, 
1.6044048070907593, 2.6043264865875244, 1.6365158834480928, 1732894404182923286, 
1.6044048070907593, 2.6043264865875244, 1.6365158254841303, 1732894404302805742, 
1.6044048070907593, 2.6043264865875244, 1.636515460709249, 1732894404393972766, 
1.6044048070907593, 2.6043264865875244, 1.636515287281265, 1732894404493258324, 
1.6044048070907593, 2.6043264865875244, 1.6365152824064808, 1732894404583947603, 
1.6044048070907593, 2.6043264865875244, 1.6365152878972362, 1732894404703223756, 
1.6044048070907593, 2.6043264865875244, 1.6365146330612717, 1732894404794111839, 
1.6044048070907593, 2.6043264865875244, 1.636514471096039, 1732894404893087966, 
1.6044048070907593, 2.6043264865875244, 1.63651448257163, 1732894404984238123, 
1.6044048070907593, 2.6043264865875244, 1.6365146649238074, 1732894405083630890, 
1.6044048070907593, 2.6043264865875244, 1.6365146649238074, 1732894405193781347, 
1.6044048070907593, 2.6043264865875244, 1.6365146649238074, 1732894405293063913, 
1.6044048070907593, 2.6043264865875244, 1.6365146649238074, 1732894405384290424, 
1.6044048070907593, 2.6043264865875244, 1.6365146649238074, 1732894405483085309, 
1.6044048070907593, 2.6043264865875244, 1.6365146649238074, 1732894405593260086, 
1.6044048070907593, 2.6043264865875244, 1.6365146649238074, 1732894405694088676, 
1.6044048070907593, 2.6043264865875244, 1.6365146649238074, 1732894405784322668, 
1.6044048070907593, 2.6043264865875244, 1.6365146649238074, 1732894405883683796, 
1.6044048070907593, 2.6043264865875244, 1.6365146649238074, 1732894405994072646, 
1.6044048070907593, 2.6043264865875244, 1.6365146649238074, 1732894406093968778, 
1.6044048070907593, 2.6043264865875244, 1.6365146649238074, 1732894406184224711, 
1.6044048070907593, 2.6043264865875244, 1.6365148319682032, 1732894406237340821, 
1.6044048070907593, 2.6043264865875244, 1.6365141248331478, 1732894406300359620, 
1.6044048070907593, 2.6043264865875244, 1.6365137414951847, 1732894406397955044, 
1.6044048070907593, 2.6043264865875244, 1.6365133860380874, 1732894406488916367, 
1.6044048070907593, 2.6043264865875244, 1.6365130686102896, 1732894406599552836, 
1.6044048070907593, 2.6043264865875244, 1.6365131047244648, 1732894406749306387, 
1.6044048070907593, 2.6043264865875244, 1.636513132154555, 1732894406887915543, 
1.6044048070907593, 2.6043264865875244, 1.636513302468602, 1732894406989017640, 
1.6044048070907593, 2.6043264865875244, 1.636513110745329, 1732894407098725063, 
1.6044048070907593, 2.6043264865875244, 1.6365130816189384, 1732894407194161903, 
1.6044048070907593, 2.6043264865875244, 1.6365127086138578, 1732894407294083639, 
1.6044048070907593, 2.6043264865875244, 1.636512692475926, 1732894407384333329, 
1.6044048070907593, 2.6043264865875244, 1.636512682903896, 1732894407484022087, 
1.6044048070907593, 2.6043264865875244, 1.636512650458283, 1732894407594285196, 
1.6044048070907593, 2.6043264865875244, 1.6365126187736794, 1732894407695134329, 
1.6044048070907593, 2.6043264865875244, 1.6365122691207277, 1732894407804051749, 
1.6044048070907593, 2.6043264865875244, 1.636511883425117, 1732894407883662095, 
1.6044048070907593, 2.6043264865875244, 1.636511485014927, 1732894407993958150, 
1.6044048070907593, 2.6043264865875244, 1.636511291760578, 1732894408090841006, 
1.6044048070907593, 2.6043264865875244, 1.636511083878147, 1732894408183749817, 
1.6044048070907593, 2.6043264865875244, 1.6365101868155862, 1732894408284047069, 
1.6044048070907593, 2.6043264865875244, 1.6365098409429655, 1732894408393957253, 
1.6044048070907593, 2.6043264865875244, 1.6365096559196541, 1732894408491704266, 
1.6044048070907593, 2.6043264865875244, 1.6365096522703364, 1732894408606357435, 
1.6044048070907593, 2.6043264865875244, 1.6365098158888431, 1732894408703406091, 
1.6044048070907593, 2.6043264865875244, 1.6365098167529266, 1732894408795588986, 
1.6044048070907593, 2.6043264865875244, 1.636509831850232, 1732894408893053260, 
1.6044048070907593, 2.6043264865875244, 1.6365098605235975, 1732894408984066031, 
1.6044048070907593, 2.6043264865875244, 1.63650936869118, 1732894409084355683, 
1.6044048070907593, 2.6043264865875244, 1.636509370857884, 1732894409193989699, 
1.6044048070907593, 2.6043264865875244, 1.6365093555854906, 1732894409292995360, 
1.6044048070907593, 2.6043264865875244, 1.636509337050817, 1732894409384594673, 
1.6044048070907593, 2.6043264865875244, 1.6365093329408127, 1732894409483843215, 
1.6044048070907593, 2.6043264865875244, 1.6365093329408127, 1732894409595294490, 
1.6044048070907593, 2.6043264865875244, 1.6365093329408127, 1732894409693986257, 
1.6044048070907593, 2.6043264865875244, 1.6365093329408127, 1732894409804342617, 
1.6044048070907593, 2.6043264865875244, 1.6365093329408127, 1732894409884766333, 
1.6044048070907593, 2.6043264865875244, 1.6365093329408127, 1732894409994339806, 
1.6044048070907593, 2.6043264865875244, 1.6365093329408127, 1732894410094087261, 
1.6044048070907593, 2.6043264865875244, 1.6365093329408127, 1732894410189011665, 
1.6044048070907593, 2.6043264865875244, 1.6365093329408127, 1732894410284457886, 
1.6044048070907593, 2.6043264865875244, 1.6365093329408127, 1732894410394211115, 
1.6044048070907593, 2.6043264865875244, 1.6365089054759405, 1732894410489020602, 
1.6044048070907593, 2.6043264865875244, 1.6365087431810186, 1732894410588990920, 
1.6044048070907593, 2.6043264865875244, 1.6365087535371239, 1732894410699794174, 
1.6044048070907593, 2.6043264865875244, 1.6365089425546024, 1732894410797809814, 
1.6044048070907593, 2.6043264865875244, 1.636509110865782, 1732894410890006084, 
1.6044048070907593, 2.6043264865875244, 1.6365094542784289, 1732894410984010962, 
1.6044048070907593, 2.6043264865875244, 1.6365094542784289, 1732894411103990125, 
1.6044048070907593, 2.6043264865875244, 1.6365094542784289, 1732894411194608795, 
1.6044048070907593, 2.6043264865875244, 1.6365094542784289, 1732894411294029322, 
1.6044048070907593, 2.6043264865875244, 1.6365099052036438, 1732894411384025501, 
1.6044048070907593, 2.6043264865875244, 1.6365099052036438, 1732894411484219027, 
1.6044048070907593, 2.6043264865875244, 1.636510020244068, 1732894411594258984, 
1.6044048070907593, 2.6043264865875244, 1.6365098320237303, 1732894411694032748, 
1.6044048070907593, 2.6043264865875244, 1.6365098297957084, 1732894411784373233, 
1.6044048070907593, 2.6043264865875244, 1.6365094804022424, 1732894411884382400, 
1.6044048070907593, 2.6043264865875244, 1.6365091092956017, 1732894411993795598, 
1.6044048070907593, 2.6043264865875244, 1.6365087649945675, 1732894412095025315, 
1.6044048070907593, 2.6043264865875244, 1.6365080727520442, 1732894412204006333, 
1.6044048070907593, 2.6043264865875244, 1.6365078951342853, 1732894412284092315, 
1.6044048070907593, 2.6043264865875244, 1.636508089245529, 1732894412394133740, 
1.6044048070907593, 2.6043264865875244, 1.6365077456788832, 1732894412491254015, 
1.6044048070907593, 2.6043264865875244, 1.6365075459574594, 1732894412604525886, 
1.6044048070907593, 2.6043264865875244, 1.636506810642199, 1732894412702567680, 
1.6044048070907593, 2.6043264865875244, 1.6365065945068906, 1732894412794278111, 
1.6044048070907593, 2.6043264865875244, 1.6365065530443703, 1732894412892192101, 
1.6044048070907593, 2.6043264865875244, 1.6365065384756763, 1732894412985357824, 
1.6044048070907593, 2.6043264865875244, 1.636506531127806, 1732894413034839751, 
1.6044048070907593, 2.6043264865875244, 1.6365065043367455, 1732894413144692070, 
1.6044048070907593, 2.6043264865875244, 1.636506652047587, 1732894413244159979, 
1.6044048070907593, 2.6043264865875244, 1.6365064953524786, 1732894413344172350, 
1.6044048070907593, 2.6043264865875244, 1.6365065154401275, 1732894413435035612, 
1.6044048070907593, 2.6043264865875244, 1.6365065667935133, 1732894413594383574, 
1.6044048070907593, 2.6043264865875244, 1.636506597444641, 1732894413694067524, 
1.6044048070907593, 2.6043264865875244, 1.6365066068601433, 1732894413784439933, 
1.6044048070907593, 2.6043264865875244, 1.636506611602725, 1732894413884010428, 
1.6044048070907593, 2.6043264865875244, 1.636506611602725, 1732894413995382186, 
1.6044048070907593, 2.6043264865875244, 1.636506611602725, 1732894414094080568, 
1.6044048070907593, 2.6043264865875244, 1.636506611602725, 1732894414184147159, 
1.6044048070907593, 2.6043264865875244, 1.636506611602725, 1732894414305611173, 
1.6044048070907593, 2.6043264865875244, 1.636506611602725, 1732894414394341927, 
1.6044048070907593, 2.6043264865875244, 1.636506611602725, 1732894414494094325, 
1.6044048070907593, 2.6043264865875244, 1.636506611602725, 1732894414585438538, 
1.6044048070907593, 2.6043264865875244, 1.636506611602725, 1732894414703909977, 
1.6044048070907593, 2.6043264865875244, 1.636506611602725, 1732894414794099179, 
1.6044048070907593, 2.6043264865875244, 1.636506611602725, 1732894414894164124, 
1.6044048070907593, 2.6043264865875244, 1.636506611602725, 1732894414985129454, 
1.6044048070907593, 2.6043264865875244, 1.636506611602725, 1732894415104357710, 
1.6044048070907593, 2.6043264865875244, 1.636506611602725, 1732894415194080844, 
1.6044049263000488, 2.6043264865875244, 1.6365070292432433, 1732894415290148743, 
1.6044049263000488, 2.6043264865875244, 1.6365066256110792, 1732894415388224579, 
1.6044049263000488, 2.6043264865875244, 1.6365057249737354, 1732894415479107125, 
1.6044049263000488, 2.6043264865875244, 1.6365053289946194, 1732894415599412419, 
1.6044049263000488, 2.6043264865875244, 1.6365047848072585, 1732894415689152311, 
1.6044049263000488, 2.6043264865875244, 1.6365047792574965, 1732894415784197330, 
1.6044049263000488, 2.6043264865875244, 1.6365047792574965, 1732894415905364639, 
1.6044049263000488, 2.6043264865875244, 1.6365045818611583, 1732894415994593469, 
1.6044049263000488, 2.6043264865875244, 1.6365045847819077, 1732894416094114015, 
1.6044049263000488, 2.6043264865875244, 1.636504598046919, 1732894416184154424, 
1.6044049263000488, 2.6043264865875244, 1.6365051383807452, 1732894416284052832, 
1.6044049263000488, 2.6043264865875244, 1.636503970513937, 1732894416393651358, 
1.6044049263000488, 2.6043264865875244, 1.6365038294776588, 1732894416495308300, 
1.6044049263000488, 2.6043264865875244, 1.6365038726723182, 1732894416584644805, 
1.6044049263000488, 2.6043264865875244, 1.6365030500981133, 1732894416684772381, 
1.6044049263000488, 2.6043264865875244, 1.6365033452639384, 1732894416793825438, 
1.6044049263000488, 2.6043264865875244, 1.6365025457222109, 1732894416892267353, 
1.6044049263000488, 2.6043264865875244, 1.6365027500209632, 1732894417004429435, 
1.6044049263000488, 2.6043264865875244, 1.6365028086312814, 1732894417102599011, 
1.6044049263000488, 2.6043264865875244, 1.6365026693599825, 1732894417194200129, 
1.6044049263000488, 2.6043264865875244, 1.6365028696494797, 1732894417291660782, 
1.6044049263000488, 2.6043264865875244, 1.6365028790263036, 1732894417405034311, 
1.6044049263000488, 2.6043264865875244, 1.6365029015546098, 1732894417502706951, 
1.6044049263000488, 2.6043264865875244, 1.636502889940164, 1732894417595697407, 
1.6044049263000488, 2.6043264865875244, 1.6365028586657564, 1732894417694131406, 
1.6044049263000488, 2.6043264865875244, 1.6365026496984083, 1732894417785266454, 
1.6044049263000488, 2.6043264865875244, 1.6365026050395868, 1732894417903773111, 
1.6044049263000488, 2.6043264865875244, 1.6365027434588522, 1732894417995229667, 
1.6044049263000488, 2.6043264865875244, 1.636503207632222, 1732894418094133768, 
1.6044049263000488, 2.6043264865875244, 1.6365030148458508, 1732894418184250144, 
1.6044049263000488, 2.6043264865875244, 1.6365026569883299, 1732894418304498564, 
1.6044049263000488, 2.6043264865875244, 1.6365026569883299, 1732894418396406595, 
1.6044049263000488, 2.6043264865875244, 1.6365026569883299, 1732894418494592447, 
1.6044049263000488, 2.6043264865875244, 1.6365026569883299, 1732894418585283754, 
1.6044049263000488, 2.6043264865875244, 1.6365026569883299, 1732894418685539368, 
1.6044049263000488, 2.6043264865875244, 1.6365029844583185, 1732894418794536510, 
1.6044049263000488, 2.6043264865875244, 1.6365029844583185, 1732894418894184885, 
1.6044049263000488, 2.6043264865875244, 1.6365029844583185, 1732894418985456147, 
1.6044049263000488, 2.6043264865875244, 1.6365029844583185, 1732894419105335114, 
1.6044049263000488, 2.6043264865875244, 1.6365029844583185, 1732894419184010922, 
1.6044049263000488, 2.6043264865875244, 1.6365029844583185, 1732894419294167378, 
1.6044049263000488, 2.6043264865875244, 1.6365029844583185, 1732894419386150016, 
1.6044049263000488, 2.6043264865875244, 1.6365029844583185, 1732894419485363559, 
1.6044049263000488, 2.6043264865875244, 1.6365029844583185, 1732894419594152618, 
1.6044049263000488, 2.6043264865875244, 1.6365029844583185, 1732894419694426749, 
1.6044049263000488, 2.6043264865875244, 1.6365029844583185, 1732894419785158211, 
1.6044049263000488, 2.6043264865875244, 1.6365029844583185, 1732894419904832545, 
1.6044049263000488, 2.6043264865875244, 1.6365029844583185, 1732894419994527602, 
1.6044049263000488, 2.6043264865875244, 1.6365029844583185, 1732894420094169117, 
1.6044049263000488, 2.6043264865875244, 1.6365029844583185, 1732894420185280529, 
1.6044049263000488, 2.6043264865875244, 1.6365029844583185, 1732894420300638106, 
1.6044049263000488, 2.6043264865875244, 1.6365028686725693, 1732894420398964447, 
1.6044049263000488, 2.6043264865875244, 1.6365029293976352, 1732894420489189823, 
1.6044049263000488, 2.6043264865875244, 1.636502990302108, 1732894420585555793, 
1.6044049263000488, 2.6043264865875244, 1.6365030573955108, 1732894420699908118, 
1.6044049263000488, 2.6043264865875244, 1.6365030632818942, 1732894420794417815, 
1.6044049263000488, 2.6043264865875244, 1.636502903531841, 1732894420895283911, 
1.6044049263000488, 2.6043264865875244, 1.6365029138188496, 1732894420985414639, 
1.6044049263000488, 2.6043264865875244, 1.6365029298221343, 1732894421083933641, 
1.6044049263000488, 2.6043264865875244, 1.6365026277487777, 1732894421194209832, 
1.6044049263000488, 2.6043264865875244, 1.6365026517893866, 1732894421292276704, 
1.6044049263000488, 2.6043264865875244, 1.636502652300877, 1732894421404258397, 
1.6044049263000488, 2.6043264865875244, 1.6365031306226012, 1732894421501994219, 
1.6044049263000488, 2.6043264865875244, 1.6365030981311144, 1732894421593680441, 
1.6044049263000488, 2.6043264865875244, 1.6365028845446385, 1732894421692732761, 
1.6044049263000488, 2.6043264865875244, 1.636503029327111, 1732894421804812729, 
1.6044049263000488, 2.6043264865875244, 1.6365026623641623, 1732894421903418919, 
1.6044049263000488, 2.6043264865875244, 1.6365021163302194, 1732894421996517444, 
1.6044049263000488, 2.6043264865875244, 1.6365020759014397, 1732894422093305052, 
1.6044049263000488, 2.6043264865875244, 1.6365015490878723, 1732894422185339983, 
1.6044049263000488, 2.6043264865875244, 1.6365009824605536, 1732894422304240568, 
1.6044049263000488, 2.6043264865875244, 1.6365007698419822, 1732894422394193507, 
1.6044049263000488, 2.6043264865875244, 1.636500400789363, 1732894422494396747, 
1.6044049263000488, 2.6043264865875244, 1.6364998575983138, 1732894422585194512, 
1.6044049263000488, 2.6043264865875244, 1.6364987847583534, 1732894422705419106, 
1.6044049263000488, 2.6043264865875244, 1.6364987713661898, 1732894422795275714, 
1.6044049263000488, 2.6043264865875244, 1.6364987518410103, 1732894422894246630, 
1.6044049263000488, 2.6043264865875244, 1.6364985728459944, 1732894422985271042, 
1.6044049263000488, 2.6043264865875244, 1.6364985728459944, 1732894423105454237, 
1.6044049263000488, 2.6043264865875244, 1.6364985728459944, 1732894423194544195, 
1.6044049263000488, 2.6043264865875244, 1.6364985728459944, 1732894423295237339, 
1.6044049263000488, 2.6043264865875244, 1.6364985728459944, 1732894423385288332, 
1.6044049263000488, 2.6043264865875244, 1.6364985728459944, 1732894423505569303, 
1.6044049263000488, 2.6043264865875244, 1.6364985728459944, 1732894423594420147, 
1.6044049263000488, 2.6043264865875244, 1.6364985728459944, 1732894423695226865, 
1.6044049263000488, 2.6043264865875244, 1.6364985728459944, 1732894423786283000, 
1.6044049263000488, 2.6043264865875244, 1.6364985728459944, 1732894423904924867, 
1.6044050455093384, 2.6043264865875244, 1.636499590507777, 1732894423997816282, 
1.6044050455093384, 2.6043264865875244, 1.6364996128603513, 1732894424090366398, 
1.6044050455093384, 2.6043264865875244, 1.6365001312833387, 1732894424188276154, 
1.6044050455093384, 2.6043264865875244, 1.636500490177131, 1732894424300856295, 
1.6044050455093384, 2.6043264865875244, 1.6365005306943954, 1732894424399517129, 
1.6044050455093384, 2.6043264865875244, 1.636500541977816, 1732894424494243581, 
1.6044050455093384, 2.6043264865875244, 1.636500541977816, 1732894424585351599, 
1.6044050455093384, 2.6043264865875244, 1.636500541977816, 1732894424706029147, 
1.6044050455093384, 2.6043264865875244, 1.636500541977816, 1732894424795153122, 
1.6044050455093384, 2.6043264865875244, 1.636500541977816, 1732894424895642092, 
1.6044050455093384, 2.6043264865875244, 1.636500541977816, 1732894424985348218, 
1.6044050455093384, 2.6043264865875244, 1.6365008230916613, 1732894425085238072, 
1.6044050455093384, 2.6043264865875244, 1.6365003731052439, 1732894425195420761, 
1.6044050455093384, 2.6043264865875244, 1.6365004168980355, 1732894425295276813, 
1.6044050455093384, 2.6043264865875244, 1.6365001134274657, 1732894425385071680, 
1.6044050455093384, 2.6043264865875244, 1.6365001481657269, 1732894425485091675, 
1.6044050455093384, 2.6043264865875244, 1.6365000197037802, 1732894425593959160, 
1.6044050455093384, 2.6043264865875244, 1.6364998557113122, 1732894425696589618, 
1.6044050455093384, 2.6043264865875244, 1.636499869007205, 1732894425805515354, 
1.6044050455093384, 2.6043264865875244, 1.6364997642939156, 1732894425902060283, 
1.6044050455093384, 2.6043264865875244, 1.6364998027116622, 1732894425995338964, 
1.6044050455093384, 2.6043264865875244, 1.636499341779762, 1732894426092317299, 
1.6044050455093384, 2.6043264865875244, 1.636499363800537, 1732894426185134836, 
1.6044050455093384, 2.6043264865875244, 1.6364993901579046, 1732894426303306152, 
1.6044050455093384, 2.6043264865875244, 1.6364995721988058, 1732894426394898967, 
1.6044050455093384, 2.6043264865875244, 1.6364997415050595, 1732894426494478707, 
1.6044050455093384, 2.6043264865875244, 1.6364995647427465, 1732894426585805758, 
1.6044050455093384, 2.6043264865875244, 1.6364995551514978, 1732894426704190615, 
1.6044050455093384, 2.6043264865875244, 1.6364993655008369, 1732894426795464333, 
1.6044050455093384, 2.6043264865875244, 1.6364993508215024, 1732894426895329769, 
1.6044050455093384, 2.6043264865875244, 1.636498999794056, 1732894426985404794, 
1.6044050455093384, 2.6043264865875244, 1.636498804540985, 1732894427105048411, 
1.6044050455093384, 2.6043264865875244, 1.6364984486338081, 1732894427196306775, 
1.6044050455093384, 2.6043264865875244, 1.6364986033982427, 1732894427295317476, 
1.6044050455093384, 2.6043264865875244, 1.6364985939133698, 1732894427385556789, 
1.6044050455093384, 2.6043264865875244, 1.6364985939133698, 1732894427485054782, 
1.6044050455093384, 2.6043264865875244, 1.6364985939133698, 1732894427584739662, 
1.6044050455093384, 2.6043264865875244, 1.6364985939133698, 1732894427695484010, 
1.6044050455093384, 2.6043264865875244, 1.6364986202717369, 1732894427785418369, 
1.6044050455093384, 2.6043264865875244, 1.6364986202717369, 1732894427884691576, 
1.6044050455093384, 2.6043264865875244, 1.6364986202717369, 1732894427995473876, 
1.6044050455093384, 2.6043264865875244, 1.6364986202717369, 1732894428095315579, 
1.6044050455093384, 2.6043264865875244, 1.6364986202717369, 1732894428185316711, 
1.6044050455093384, 2.6043264865875244, 1.6364986202717369, 1732894428304924494, 
1.6044050455093384, 2.6043264865875244, 1.6364986202717369, 1732894428395359588, 
1.6044050455093384, 2.6043264865875244, 1.6364986202717369, 1732894428496164658, 
1.6044050455093384, 2.6043264865875244, 1.6364986202717369, 1732894428587922770, 
1.6044050455093384, 2.6043264865875244, 1.6364986202717369, 1732894428706607664, 
1.6044050455093384, 2.6043264865875244, 1.6364983863108171, 1732894428799197589, 
1.6044050455093384, 2.6043264865875244, 1.6364983762278746, 1732894428891385357, 
1.6044050455093384, 2.6043264865875244, 1.6364983983740087, 1732894428990444734, 
1.6044050455093384, 2.6043264865875244, 1.63649857880828, 1732894429099939715, 
1.6044050455093384, 2.6043264865875244, 1.6364984667481488, 1732894429199738033, 
1.6044050455093384, 2.6043264865875244, 1.636498476641375, 1732894429296468899, 
1.6044050455093384, 2.6043264865875244, 1.636498476641375, 1732894429385648719, 
1.6044050455093384, 2.6043264865875244, 1.636498476641375, 1732894429484858746, 
1.6044050455093384, 2.6043264865875244, 1.6364990197207918, 1732894429595557309, 
1.6044050455093384, 2.6043264865875244, 1.6364988441175012, 1732894429695413339, 
1.6044050455093384, 2.6043264865875244, 1.6364988372004885, 1732894429785332268, 
1.6044050455093384, 2.6043264865875244, 1.6364988311033581, 1732894429885440356, 
1.6044050455093384, 2.6043264865875244, 1.6364986581542391, 1732894429995080952, 
1.6044050455093384, 2.6043264865875244, 1.636498660527641, 1732894430095650421, 
1.6044050455093384, 2.6043264865875244, 1.636498839570768, 1732894430184879916, 
1.6044050455093384, 2.6043264865875244, 1.6364988418678401, 1732894430285317511, 
1.6044050455093384, 2.6043264865875244, 1.6364988371735647, 1732894430395642068, 
1.6044050455093384, 2.6043264865875244, 1.6364988190067258, 1732894430493596222, 
1.6044050455093384, 2.6043264865875244, 1.6364988041977386, 1732894430604675039, 
1.6044050455093384, 2.6043264865875244, 1.6364986164845172, 1732894430703428289, 
1.6044050455093384, 2.6043264865875244, 1.6364988105497043, 1732894430794743196, 
1.6044050455093384, 2.6043264865875244, 1.6364988544444856, 1732894430893031349, 
1.6044050455093384, 2.6043264865875244, 1.636498873161403, 1732894430986055003, 
1.6044050455093384, 2.6043264865875244, 1.636498873439038, 1732894431087551726, 
1.6044050455093384, 2.6043264865875244, 1.6364990638772323, 1732894431195733456, 
1.6044050455093384, 2.6043264865875244, 1.6364990663832872, 1732894431295397584, 
1.6044050455093384, 2.6043264865875244, 1.6364990694082313, 1732894431385391794, 
1.6044050455093384, 2.6043264865875244, 1.6364988825555526, 1732894431504926237, 
1.6044050455093384, 2.6043264865875244, 1.636499053804437, 1732894431595380570, 
1.6044050455093384, 2.6043264865875244, 1.6364990559376675, 1732894431695389837, 
1.6044050455093384, 2.6043264865875244, 1.6364988960420666, 1732894431785414229, 
1.6044050455093384, 2.6043264865875244, 1.6364989060014792, 1732894431905534185, 
1.6044050455093384, 2.6043264865875244, 1.6364989060014792, 1732894431997368228, 
1.6044050455093384, 2.6043264865875244, 1.6364989060014792, 1732894432095424617, 
1.6044050455093384, 2.6043264865875244, 1.6364989060014792, 1732894432185439617, 
1.6044050455093384, 2.6043264865875244, 1.6364989060014792, 1732894432304885136, 
1.6044050455093384, 2.6043264865875244, 1.6364989060014792, 1732894432395106707, 
1.6044050455093384, 2.6043264865875244, 1.6364989060014792, 1732894432495445792, 
1.6044050455093384, 2.6043264865875244, 1.6364989060014792, 1732894432586459238, 
1.6044050455093384, 2.6043264865875244, 1.6364989060014792, 1732894432705290096, 
1.6044050455093384, 2.6043264865875244, 1.6364989060014792, 1732894432795343601, 
1.6044050455093384, 2.6043264865875244, 1.6364989060014792, 1732894432895413381, 
1.6044050455093384, 2.6043264865875244, 1.6364989060014792, 1732894432987490218, 
1.6044050455093384, 2.6043264865875244, 1.6364989060014792, 1732894433084710624, 
1.6044050455093384, 2.6043264865875244, 1.6364989060014792, 1732894433185551576, 
1.6044050455093384, 2.6043264865875244, 1.6364989060014792, 1732894433245489542, 
1.6044050455093384, 2.6043264865875244, 1.6364989060014792, 1732894433346429261, 
1.6044050455093384, 2.6043264865875244, 1.6364989060014792, 1732894433434728698, 
1.6044050455093384, 2.6043264865875244, 1.6364989060014792, 1732894433535543757, 
1.6044050455093384, 2.6043264865875244, 1.6364989060014792, 1732894433645438334, 
1.6044050455093384, 2.6043264865875244, 1.6364989060014792, 1732894433785529996, 
1.6044050455093384, 2.6043264865875244, 1.6364989060014792, 1732894433885590012, 
1.6044050455093384, 2.6043264865875244, 1.6364988398329772, 1732894433995115630, 
1.6044050455093384, 2.6043264865875244, 1.6364988386620245, 1732894434095432127, 
1.6044050455093384, 2.6043264865875244, 1.6364985034743667, 1732894434185531894, 
1.6044050455093384, 2.6043264865875244, 1.6364982972057671, 1732894434301020973, 
1.6044050455093384, 2.6043264865875244, 1.636497257163676, 1732894434394812615, 
1.6044050455093384, 2.6043264865875244, 1.6364967024932577, 1732894434495753158, 
1.6044050455093384, 2.6043264865875244, 1.6364961499732364, 1732894434585031931, 
1.6044050455093384, 2.6043264865875244, 1.6364957563628746, 1732894434701721106, 
1.6044050455093384, 2.6043264865875244, 1.6364958940255305, 1732894434795438448, 
1.6044050455093384, 2.6043264865875244, 1.6364956704046238, 1732894434893555669, 
1.6044050455093384, 2.6043264865875244, 1.636495112766823, 1732894434985571811, 
1.6044050455093384, 2.6043264865875244, 1.636495261907189, 1732894435085837212, 
1.6044050455093384, 2.6043264865875244, 1.6364950682199662, 1732894435195046180, 
1.6044050455093384, 2.6043264865875244, 1.6364950649211634, 1732894435293126176, 
1.6044050455093384, 2.6043264865875244, 1.636495231804051, 1732894435384734630, 
1.6044050455093384, 2.6043264865875244, 1.6364950590340621, 1732894435504170094, 
1.6044050455093384, 2.6043264865875244, 1.6364952155197916, 1732894435597613765, 
1.6044050455093384, 2.6043264865875244, 1.6364946903023172, 1732894435695457367, 
1.6044050455093384, 2.6043264865875244, 1.6364950278969415, 1732894435784848882, 
1.6044050455093384, 2.6043264865875244, 1.6364948073957364, 1732894435904811078, 
1.6044050455093384, 2.6043264865875244, 1.6364944582415826, 1732894435985367663, 
1.6044050455093384, 2.6043264865875244, 1.6364944574084326, 1732894436095564273, 
1.6044050455093384, 2.6043264865875244, 1.6364944490099385, 1732894436186571763, 
1.6044050455093384, 2.6043264865875244, 1.6364944490099385, 1732894436284716241, 
1.6044050455093384, 2.6043264865875244, 1.6364944490099385, 1732894436345452172, 
1.6044050455093384, 2.6043264865875244, 1.636494515764434, 1732894436445466936, 
1.6044050455093384, 2.6043264865875244, 1.6364942114150058, 1732894436546475268, 
1.6044050455093384, 2.6043264865875244, 1.6364942114150058, 1732894436635575053, 
1.6044050455093384, 2.6043264865875244, 1.6364942114150058, 1732894436745715213, 
1.6044050455093384, 2.6043264865875244, 1.6364942114150058, 1732894436895548484, 
1.6044050455093384, 2.6043264865875244, 1.6364942114150058, 1732894436986971251, 
1.6044050455093384, 2.6043264865875244, 1.6364942114150058, 1732894437106641543, 
1.6044050455093384, 2.6043264865875244, 1.6364942114150058, 1732894437185923302, 
1.6044050455093384, 2.6043264865875244, 1.6364942114150058, 1732894437295609997, 
1.6044050455093384, 2.6043264865875244, 1.6364942114150058, 1732894437386755344, 
1.6044050455093384, 2.6043264865875244, 1.6364942114150058, 1732894437500171590, 
1.6044049263000488, 2.6043264865875244, 1.6364933334809348, 1732894437599090403, 
1.6044049263000488, 2.6043264865875244, 1.6364933334809348, 1732894437695473445, 
1.6044049263000488, 2.6043264865875244, 1.6364933334809348, 1732894437784750731, 
1.6044049263000488, 2.6043264865875244, 1.6364933334809348, 1732894437906101876, 
1.6044049263000488, 2.6043264865875244, 1.6364933334809348, 1732894437995999392, 
1.6044049263000488, 2.6043264865875244, 1.6364933334809348, 1732894438095566044, 
1.6044049263000488, 2.6043264865875244, 1.6364933334809348, 1732894438186487936, 
1.6044049263000488, 2.6043264865875244, 1.6364933334809348, 1732894438305850519, 
1.6044049263000488, 2.6043264865875244, 1.6364933334809348, 1732894438386370929, 
1.6044049263000488, 2.6043264865875244, 1.6364933334809348, 1732894438495623049, 
1.6044049263000488, 2.6043264865875244, 1.6364932495955153, 1732894438585719609, 
1.6044049263000488, 2.6043264865875244, 1.6364936345605574, 1732894438686054250, 
1.6044049263000488, 2.6043264865875244, 1.6364937574921983, 1732894438795954757, 
1.6044049263000488, 2.6043264865875244, 1.6364940045094842, 1732894438895755566, 
1.6044049263000488, 2.6043264865875244, 1.6364940659036225, 1732894438985882237, 
1.6044049263000488, 2.6043264865875244, 1.6364943686999112, 1732894439102295134, 
1.6044049263000488, 2.6043264865875244, 1.6364944469979452, 1732894439195526074, 
1.6044049263000488, 2.6043264865875244, 1.636494874535032, 1732894439292933377, 
1.6044049263000488, 2.6043264865875244, 1.6364947620989734, 1732894439385972586, 
1.6044049263000488, 2.6043264865875244, 1.6364949900354342, 1732894439485354494, 
1.6044049263000488, 2.6043264865875244, 1.6364952156312245, 1732894439594939320, 
1.6044049263000488, 2.6043264865875244, 1.6364952269603026, 1732894439694638147, 
1.6044049263000488, 2.6043264865875244, 1.6364952137375168, 1732894439786465422, 
1.6044049263000488, 2.6043264865875244, 1.6364952011839733, 1732894439886073678, 
1.6044049263000488, 2.6043264865875244, 1.636495003893598, 1732894439996804426, 
1.6044049263000488, 2.6043264865875244, 1.6364949913752496, 1732894440093844080, 
1.6044049263000488, 2.6043264865875244, 1.6364944543796363, 1732894440185868868, 
1.6044049263000488, 2.6043264865875244, 1.6364934083757217, 1732894440285511114, 
1.6044049263000488, 2.6043264865875244, 1.6364927154993625, 1732894440395933798, 
1.6044049263000488, 2.6043264865875244, 1.6364927220269252, 1732894440495597067, 
1.6044049263000488, 2.6043264865875244, 1.6364928961991632, 1732894440585832537, 
1.6044049263000488, 2.6043264865875244, 1.636492886293369, 1732894440686035064, 
1.6044049263000488, 2.6043264865875244, 1.6364928639915868, 1732894440795975860, 
1.6044049263000488, 2.6043264865875244, 1.636492319544631, 1732894440895537207, 
1.6044049263000488, 2.6043264865875244, 1.6364924461650294, 1732894440986637652, 
1.6044049263000488, 2.6043264865875244, 1.6364924461650294, 1732894441106708745, 
1.6044049263000488, 2.6043264865875244, 1.6364924461650294, 1732894441186540551, 
1.6044048070907593, 2.6043264865875244, 1.6364916822861515, 1732894441295617956, 
1.6044048070907593, 2.6043264865875244, 1.6364916822861515, 1732894441385949215, 
1.6044048070907593, 2.6043264865875244, 1.6364916822861515, 1732894441485871800, 
1.6044048070907593, 2.6043264865875244, 1.6364916822861515, 1732894441595532237, 
1.6044048070907593, 2.6043264865875244, 1.6364916822861515, 1732894441696602783, 
1.6044048070907593, 2.6043264865875244, 1.6364916822861515, 1732894441786694278, 
1.6044048070907593, 2.6043264865875244, 1.6364916822861515, 1732894441886579899, 
1.6044048070907593, 2.6043264865875244, 1.6364916822861515, 1732894441995939388, 
1.6044048070907593, 2.6043264865875244, 1.6364916822861515, 1732894442096621158, 
1.6044048070907593, 2.6043264865875244, 1.6364916822861515, 1732894442185990519, 
1.6044048070907593, 2.6043264865875244, 1.6364916822861515, 1732894442302128666, 
1.6044048070907593, 2.6043264865875244, 1.63649081604251, 1732894442400610345, 
1.6044048070907593, 2.6043264865875244, 1.6364906215768693, 1732894442491615585, 
1.6044048070907593, 2.6043264865875244, 1.6364906046486325, 1732894442589733693, 
1.6044048070907593, 2.6043264865875244, 1.6364907635933126, 1732894442681318422, 
1.6044048070907593, 2.6043264865875244, 1.636490573449693, 1732894442795999850, 
1.6044048070907593, 2.6043264865875244, 1.636490573449693, 1732894442895705200, 
1.6044048070907593, 2.6043264865875244, 1.6364906368270549, 1732894442985765060, 
1.6044048070907593, 2.6043264865875244, 1.6364905434706134, 1732894443100917381, 
1.6044048070907593, 2.6043264865875244, 1.6364903625505887, 1732894443196320116, 
1.6044048070907593, 2.6043264865875244, 1.636490362896973, 1732894443295713123, 
1.6044048070907593, 2.6043264865875244, 1.63649036554728, 1732894443406239148, 
1.6044048070907593, 2.6043264865875244, 1.6364896770628479, 1732894443486116389, 
1.6044048070907593, 2.6043264865875244, 1.6364893162405167, 1732894443596477965, 
1.6044048070907593, 2.6043264865875244, 1.6364884267337236, 1732894443697497344, 
1.6044048070907593, 2.6043264865875244, 1.6364880660831325, 1732894443786354133, 
1.6044048070907593, 2.6043264865875244, 1.636488066853383, 1732894443885558653, 
1.6044048070907593, 2.6043264865875244, 1.6364875654368558, 1732894443996647115, 
1.6044048070907593, 2.6043264865875244, 1.6364868859706272, 1732894444094172726, 
1.6044048070907593, 2.6043264865875244, 1.6364865560378061, 1732894444186343325, 
1.6044048070907593, 2.6043264865875244, 1.6364865610994588, 1732894444286567769, 
1.6044048070907593, 2.6043264865875244, 1.6364867651909982, 1732894444396204668, 
1.6044048070907593, 2.6043264865875244, 1.6364866655112909, 1732894444495419832, 
1.6044048070907593, 2.6043264865875244, 1.6364865388404566, 1732894444587615343, 
1.6044048070907593, 2.6043264865875244, 1.6364865896640992, 1732894444686776673, 
1.6044048070907593, 2.6043264865875244, 1.6364869762062535, 1732894444796532903, 
1.6044048070907593, 2.6043264865875244, 1.636487332463582, 1732894444896629689, 
1.6044048070907593, 2.6043264865875244, 1.6364875112216835, 1732894444985832723, 
1.6044048070907593, 2.6043264865875244, 1.6364874920945964, 1732894445106041376, 
1.6044048070907593, 2.6043264865875244, 1.6364876602780716, 1732894445196449001, 
1.6044048070907593, 2.6043264865875244, 1.636487476127315, 1732894445295681442, 
1.6044048070907593, 2.6043264865875244, 1.6364871373376748, 1732894445385803098, 
1.6044048070907593, 2.6043264865875244, 1.6364871373376748, 1732894445505901303, 
1.6044048070907593, 2.6043264865875244, 1.6364871373376748, 1732894445597000986, 
1.6044048070907593, 2.6043264865875244, 1.6364871373376748, 1732894445695758903, 
1.6044048070907593, 2.6043264865875244, 1.6364873371885684, 1732894445785801375, 
1.6044048070907593, 2.6043264865875244, 1.6364873371885684, 1732894445906496374, 
1.6044048070907593, 2.6043264865875244, 1.6364873371885684, 1732894445995770762, 
1.6044048070907593, 2.6043264865875244, 1.6364873371885684, 1732894446095728328, 
1.6044048070907593, 2.6043264865875244, 1.6364873371885684, 1732894446187105428, 
1.6044048070907593, 2.6043264865875244, 1.6364873371885684, 1732894446285649148, 
1.6044048070907593, 2.6043264865875244, 1.6364873371885684, 1732894446395873386, 
1.6044048070907593, 2.6043264865875244, 1.6364873371885684, 1732894446496643574, 
1.6044048070907593, 2.6043264865875244, 1.6364873371885684, 1732894446586817499, 
1.6044048070907593, 2.6043264865875244, 1.6364873371885684, 1732894446685840712, 
1.6044048070907593, 2.6043264865875244, 1.6364873371885684, 1732894446796126294, 
1.6044048070907593, 2.6043264865875244, 1.6364873371885684, 1732894446895697387, 
1.6044048070907593, 2.6043264865875244, 1.6364873371885684, 1732894446986965101, 
1.6044048070907593, 2.6043264865875244, 1.6364873371885684, 1732894447105827323, 
1.6044048070907593, 2.6043264865875244, 1.6364873371885684, 1732894447195802510, 
1.6044048070907593, 2.6043264865875244, 1.6364873371885684, 1732894447295660477, 
1.6044048070907593, 2.6043264865875244, 1.6364873371885684, 1732894447385652844, 
1.6044048070907593, 2.6043264865875244, 1.6364873371885684, 1732894447485812911, 
1.6044048070907593, 2.6043264865875244, 1.6364874663729336, 1732894447596600561, 
1.6044048070907593, 2.6043264865875244, 1.6364876944440283, 1732894447695661120, 
1.6044048070907593, 2.6043264865875244, 1.6364875819223361, 1732894447786273372, 
1.6044048070907593, 2.6043264865875244, 1.6364876161676105, 1732894447886313104, 
1.6044048070907593, 2.6043264865875244, 1.6364878496764226, 1732894447996435528, 
1.6044048070907593, 2.6043264865875244, 1.6364878726641614, 1732894448096730859, 
1.6044048070907593, 2.6043264865875244, 1.6364880657592844, 1732894448186419176, 
1.6044048070907593, 2.6043264865875244, 1.6364879188653474, 1732894448285751869, 
1.6044048070907593, 2.6043264865875244, 1.6364870626378951, 1732894448396114812, 
1.6044048070907593, 2.6043264865875244, 1.636487043066274, 1732894448494305439, 
1.6044048070907593, 2.6043264865875244, 1.6364870217491785, 1732894448543835872, 
1.6044048070907593, 2.6043264865875244, 1.6364866515622434, 1732894448586006865, 
1.6044048070907593, 2.6043264865875244, 1.6364866265390337, 1732894448636975994, 
1.6044048070907593, 2.6043264865875244, 1.6364865832979254, 1732894448703764077, 
1.6044048070907593, 2.6043264865875244, 1.6364865660929362, 1732894448734058522, 
1.6044048070907593, 2.6043264865875244, 1.6364863574383597, 1732894448796138745, 
1.6044048070907593, 2.6043264865875244, 1.6364861660998313, 1732894448847486103, 
1.6044048070907593, 2.6043264865875244, 1.6364859491589736, 1732894448893842794, 
1.6044048070907593, 2.6043264865875244, 1.6364853968950055, 1732894448944875489, 
1.6044048070907593, 2.6043264865875244, 1.6364853832028536, 1732894448986703826, 
1.6044048070907593, 2.6043264865875244, 1.6364850127820891, 1732894449037895348, 
1.6044048070907593, 2.6043264865875244, 1.6364836669976748, 1732894451038822351, 
1.6044048070907593, 2.6043264865875244, 1.6364833189514048, 1732894451081884428, 
1.6044048070907593, 2.6043264865875244, 1.6364831506366848, 1732894451146765371, 
1.6044048070907593, 2.6043264865875244, 1.6364831506366848, 1732894451196131814, 
1.6044048070907593, 2.6043264865875244, 1.6364831506366848, 1732894451245727417, 
1.6044048070907593, 2.6043264865875244, 1.6364831506366848, 1732894451295892699, 
1.6044048070907593, 2.6043264865875244, 1.6364831506366848, 1732894451346921669, 
1.6044048070907593, 2.6043264865875244, 1.6364831506366848, 1732894451385735998, 
1.6044048070907593, 2.6043264865875244, 1.6364831506366848, 1732894451456440107, 
1.6044048070907593, 2.6043264865875244, 1.6364831506366848, 1732894451507508261, 
1.6044048070907593, 2.6043264865875244, 1.6364831506366848, 1732894451596163171, 
1.6044048070907593, 2.6043264865875244, 1.6364831506366848, 1732894451695736410, 
1.6044048070907593, 2.6043264865875244, 1.6364831506366848, 1732894451785741813, 
1.6044048070907593, 2.6043264865875244, 1.6364831506366848, 1732894451886612425, 
1.6044048070907593, 2.6043264865875244, 1.6364819251408311, 1732894451996464691, 
1.6044048070907593, 2.6043264865875244, 1.6364819105343222, 1732894452095820713, 
1.6044048070907593, 2.6043264865875244, 1.6364819177574614, 1732894452186226457, 
1.6044048070907593, 2.6043264865875244, 1.6364821043018982, 1732894452302360336, 
1.6044048070907593, 2.6043264865875244, 1.636481937231875, 1732894452382685494, 
1.6044048070907593, 2.6043264865875244, 1.6364819337554444, 1732894452496841311, 
1.6044048070907593, 2.6043264865875244, 1.6364819269414983, 1732894452585686760, 
1.6044048070907593, 2.6043264865875244, 1.6364819085575109, 1732894452703884731, 
1.6044048070907593, 2.6043264865875244, 1.6364819099907346, 1732894452796318207, 
1.6044048070907593, 2.6043264865875244, 1.636481922380877, 1732894452894414794, 
1.6044048070907593, 2.6043264865875244, 1.6364817688914846, 1732894452985985060, 
1.6044048070907593, 2.6043264865875244, 1.6364822767057108, 1732894453087295759, 
1.6044048070907593, 2.6043264865875244, 1.6364822932195224, 1732894453196296971, 
1.6044048070907593, 2.6043264865875244, 1.636481957036449, 1732894453294929515, 
1.6044048070907593, 2.6043264865875244, 1.6364812742589125, 1732894453386763430, 
1.6044048070907593, 2.6043264865875244, 1.6364812831126974, 1732894453489325971, 
1.6044048070907593, 2.6043264865875244, 1.636481279764176, 1732894453547927754, 
1.6044048070907593, 2.6043264865875244, 1.636481431163449, 1732894453647771328, 
1.6044048070907593, 2.6043264865875244, 1.6364808662505674, 1732894453745768331, 
1.6044048070907593, 2.6043264865875244, 1.6364803174199976, 1732894453836771509, 
1.6044048070907593, 2.6043264865875244, 1.636480089781521, 1732894453947424753, 
1.6044048070907593, 2.6043264865875244, 1.6364795462041115, 1732894454095908929, 
1.6044048070907593, 2.6043264865875244, 1.6364788212753028, 1732894454186887570, 
1.6044048070907593, 2.6043264865875244, 1.6364784732292117, 1732894454236779716, 
1.6044048070907593, 2.6043264865875244, 1.6364782691053996, 1732894454335936396, 
1.6044048070907593, 2.6043264865875244, 1.6364782691053996, 1732894454397468070, 
1.6044048070907593, 2.6043264865875244, 1.6364782691053996, 1732894454495869901, 
1.6044048070907593, 2.6043264865875244, 1.6364782691053996, 1732894454586799070, 
1.6044048070907593, 2.6043264865875244, 1.6364782691053996, 1732894454636226951, 
1.6044048070907593, 2.6043264865875244, 1.6364782691053996, 1732894454786852956, 
1.6044048070907593, 2.6043264865875244, 1.6364782691053996, 1732894454946807856, 
1.6044048070907593, 2.6043264865875244, 1.6364782691053996, 1732894455035830860, 
1.6044048070907593, 2.6043264865875244, 1.6364782691053996, 1732894455136984516, 
1.6044048070907593, 2.6043264865875244, 1.6364782691053996, 1732894455295684891, 
1.6044048070907593, 2.6043264865875244, 1.6364782691053996, 1732894455387956876, 
1.6044048070907593, 2.6043264865875244, 1.6364782691053996, 1732894455506954266, 
1.6044048070907593, 2.6043264865875244, 1.6364782691053996, 1732894455586823861, 
1.6044048070907593, 2.6043264865875244, 1.6364782691053996, 1732894455695955162, 
1.6044048070907593, 2.6043264865875244, 1.6364782691053996, 1732894455786807436, 
1.6044048070907593, 2.6043264865875244, 1.6364782691053996, 1732894455885792706, 
1.6044048070907593, 2.6043264865875244, 1.6364787610215632, 1732894456000950846, 
1.6044048070907593, 2.6043264865875244, 1.6364789804212463, 1732894456091943095, 
1.6044048070907593, 2.6043264865875244, 1.6364788871904632, 1732894456191846847, 
1.6044048070907593, 2.6043264865875244, 1.6364787777125065, 1732894456301905362, 
1.6044048070907593, 2.6043264865875244, 1.6364784833679027, 1732894456388618812, 
1.6044048070907593, 2.6043264865875244, 1.636478534278563, 1732894456495858174, 
1.6044048070907593, 2.6043264865875244, 1.6364785565225268, 1732894456587057542, 
1.6044048070907593, 2.6043264865875244, 1.6364787493332853, 1732894456702264936, 
1.6044048070907593, 2.6043264865875244, 1.6364787463276929, 1732894456796422839, 
1.6044048070907593, 2.6043264865875244, 1.636478736396487, 1732894456897305155, 
1.6044048070907593, 2.6043264865875244, 1.6364787207519513, 1732894456986948806, 
1.6044048070907593, 2.6043264865875244, 1.6364788951457547, 1732894457102904198, 
1.6044048070907593, 2.6043264865875244, 1.6364787227223803, 1732894457197558489, 
1.6044048070907593, 2.6043264865875244, 1.6364787301573713, 1732894457293826752, 
1.6044048070907593, 2.6043264865875244, 1.6364790746954794, 1732894457387618914, 
1.6044048070907593, 2.6043264865875244, 1.6364787575317696, 1732894457503995986, 
1.6044048070907593, 2.6043264865875244, 1.6364785986212258, 1732894457596273885, 
1.6044048070907593, 2.6043264865875244, 1.6364784686985043, 1732894457695623308, 
1.6044048070907593, 2.6043264865875244, 1.6364779540966767, 1732894457786912608, 
1.6044048070907593, 2.6043264865875244, 1.6364772401512402, 1732894457905459086, 
1.6044048070907593, 2.6043264865875244, 1.636476713918456, 1732894457998632693, 
1.6044048070907593, 2.6043264865875244, 1.6364761922969893, 1732894458095857700, 
1.6044048070907593, 2.6043264865875244, 1.636475489131772, 1732894458187063559, 
1.6044048070907593, 2.6043264865875244, 1.6364747789427152, 1732894458287037515, 
1.6044048070907593, 2.6043264865875244, 1.6364747827530717, 1732894458396987018, 
1.6044048070907593, 2.6043264865875244, 1.6364747924956873, 1732894458496003674, 
1.6044048070907593, 2.6043264865875244, 1.6364739552064202, 1732894458586860368, 
1.6044048070907593, 2.6043264865875244, 1.6364739912365527, 1732894458707082705, 
1.6044048070907593, 2.6043264865875244, 1.6364740168527425, 1732894458797164401, 
1.6044048070907593, 2.6043264865875244, 1.6364738840757815, 1732894458896036564, 
1.6044048070907593, 2.6043264865875244, 1.6364733796106823, 1732894458986874392, 
1.6044048070907593, 2.6043264865875244, 1.6364733796106823, 1732894459107330513, 
1.6044048070907593, 2.6043264865875244, 1.6364733796106823, 1732894459197573419, 
1.6044048070907593, 2.6043264865875244, 1.6364733796106823, 1732894459296906171, 
1.6044048070907593, 2.6043264865875244, 1.6364728339568861, 1732894459386871810, 
1.6044048070907593, 2.6043264865875244, 1.6364728339568861, 1732894459507642994, 
1.6044048070907593, 2.6043264865875244, 1.6364728339568861, 1732894459597326249, 
1.6044048070907593, 2.6043264865875244, 1.6364728339568861, 1732894459696066148, 
1.6044048070907593, 2.6043264865875244, 1.6364728339568861, 1732894459788059986, 
1.6044048070907593, 2.6043264865875244, 1.6364728339568861, 1732894459906854767, 
1.6044048070907593, 2.6043264865875244, 1.6364728339568861, 1732894459996649046, 
1.6044048070907593, 2.6043264865875244, 1.6364728339568861, 1732894460097135442, 
1.6044048070907593, 2.6043264865875244, 1.6364728339568861, 1732894460187011240, 
1.6044048070907593, 2.6043264865875244, 1.6364728339568861, 1732894460307584326, 
1.6044048070907593, 2.6043264865875244, 1.6364728339568861, 1732894460397416533, 
1.6044048070907593, 2.6043264865875244, 1.6364728339568861, 1732894460496876789, 
1.6044048070907593, 2.6043264865875244, 1.6364728339568861, 1732894460587135168, 
1.6044048070907593, 2.6043264865875244, 1.6364728339568861, 1732894460707497412, 
1.6044048070907593, 2.6043264865875244, 1.6364728339568861, 1732894460797493956, 
1.6044048070907593, 2.6043264865875244, 1.6364728339568861, 1732894460896877286, 
1.6044048070907593, 2.6043264865875244, 1.6364732174866417, 1732894460986963007, 
1.6044048070907593, 2.6043264865875244, 1.6364730160421057, 1732894461103020297, 
1.6044048070907593, 2.6043264865875244, 1.6364728336191987, 1732894461197423588, 
1.6044048070907593, 2.6043264865875244, 1.636472821248027, 1732894461297172504, 
1.6044048070907593, 2.6043264865875244, 1.6364729972413712, 1732894461387345638, 
1.6044048070907593, 2.6043264865875244, 1.6364730312293347, 1732894461502736291, 
1.6044048070907593, 2.6043264865875244, 1.6364730464277502, 1732894461597459424, 
1.6044048070907593, 2.6043264865875244, 1.6364727389419267, 1732894461698475617, 
1.6044048070907593, 2.6043264865875244, 1.6364734696277787, 1732894461787372601, 
1.6044048070907593, 2.6043264865875244, 1.6364733318776834, 1732894461904159017, 
1.6044048070907593, 2.6043264865875244, 1.6364735021201473, 1732894461997580194, 
1.6044048070907593, 2.6043264865875244, 1.6364735272322215, 1732894462094677380, 
1.6044048070907593, 2.6043264865875244, 1.6364728233586778, 1732894462187091242, 
1.6044048070907593, 2.6043264865875244, 1.6364724548271805, 1732894462287512490, 
1.6044048070907593, 2.6043264865875244, 1.6364720571193139, 1732894462398142547, 
1.6044048070907593, 2.6043264865875244, 1.6364716545156879, 1732894462496160973, 
1.6044048070907593, 2.6043264865875244, 1.6364716151179388, 1732894462587903276, 
1.6044048070907593, 2.6043264865875244, 1.6364711861268342, 1732894462707023078, 
1.6044048070907593, 2.6043264865875244, 1.636470629360583, 1732894462797501665, 
1.6044048070907593, 2.6043264865875244, 1.6364698869315961, 1732894462897132933, 
1.6044048070907593, 2.6043264865875244, 1.636469499087265, 1732894462986949669, 
1.6044048070907593, 2.6043264865875244, 1.6364687415440968, 1732894463107261912, 
1.6044048070907593, 2.6043264865875244, 1.6364685282229134, 1732894463198572562, 
1.6044048070907593, 2.6043264865875244, 1.6364684982159974, 1732894463296945228, 
1.6044048070907593, 2.6043264865875244, 1.6364681523089057, 1732894463386944669, 
1.6044048070907593, 2.6043264865875244, 1.6364681523089057, 1732894463507429546, 
1.6044048070907593, 2.6043264865875244, 1.6364681523089057, 1732894463597403024, 
1.6044048070907593, 2.6043264865875244, 1.6364681523089057, 1732894463696993906, 
1.6044048070907593, 2.6043264865875244, 1.6364681523089057, 1732894463786951513, 
1.6044048070907593, 2.6043264865875244, 1.6364681523089057, 1732894463906693389, 
1.6044048070907593, 2.6043264865875244, 1.6364681523089057, 1732894463997490096, 
1.6044048070907593, 2.6043264865875244, 1.6364681523089057, 1732894464096976321, 
1.6044048070907593, 2.6043264865875244, 1.6364681523089057, 1732894464187948002, 
1.6044048070907593, 2.6043264865875244, 1.6364681523089057, 1732894464306900880, 
1.6044048070907593, 2.6043264865875244, 1.6364681523089057, 1732894464397628442, 
1.6044048070907593, 2.6043264865875244, 1.6364681523089057, 1732894464496937457, 
1.6044048070907593, 2.6043264865875244, 1.6364681523089057, 1732894464588260372, 
1.6044046878814697, 2.6043264865875244, 1.6364675732044291, 1732894464704451052, 
1.6044046878814697, 2.6043264865875244, 1.636467595747491, 1732894464801256702, 
1.6044046878814697, 2.6043264865875244, 1.6364677476444647, 1732894464892100620, 
1.6044046878814697, 2.6043264865875244, 1.6364675972114928, 1732894464992126615, 
1.6044046878814697, 2.6043264865875244, 1.636467605828813, 1732894465101776142, 
1.6044046878814697, 2.6043264865875244, 1.6364677929338174, 1732894465196901366, 
1.6044046878814697, 2.6043264865875244, 1.6364677929338174, 1732894465297028750, 
1.6044046878814697, 2.6043264865875244, 1.6364677929338174, 1732894465387467242, 
1.6044046878814697, 2.6043264865875244, 1.636467979739272, 1732894465502583615, 
1.6044046878814697, 2.6043264865875244, 1.6364683260832222, 1732894465596812117, 
1.6044046878814697, 2.6043264865875244, 1.6364683518565064, 1732894465696877170, 
1.6044046878814697, 2.6043264865875244, 1.6364685308261515, 1732894465787387351, 
1.6044046878814697, 2.6043264865875244, 1.6364685378418353, 1732894465903246641, 
1.6044046878814697, 2.6043264865875244, 1.6364685358490396, 1732894465997299419, 
1.6044046878814697, 2.6043264865875244, 1.63646853796338, 1732894466097724523, 
1.6044046878814697, 2.6043264865875244, 1.6364683538884497, 1732894466186771628, 
1.6044046878814697, 2.6043264865875244, 1.6364679793509975, 1732894466304564413, 
1.6044046878814697, 2.6043264865875244, 1.636467784424896, 1732894466397222400, 
1.6044046878814697, 2.6043264865875244, 1.636467235652694, 1732894466494708021, 
1.6044046878814697, 2.6043264865875244, 1.636467374446045, 1732894466587322294, 
1.6044046878814697, 2.6043264865875244, 1.6364671706599092, 1732894466705226558, 
1.6044046878814697, 2.6043264865875244, 1.6364669827969232, 1732894466797636027, 
1.6044046878814697, 2.6043264865875244, 1.6364668078542202, 1732894466896180055, 
1.6044046878814697, 2.6043264865875244, 1.6364663124657766, 1732894466988006673, 
1.6044046878814697, 2.6043264865875244, 1.6364660059125613, 1732894467106474721, 
1.6044046878814697, 2.6043264865875244, 1.6364656893295386, 1732894467198121394, 
1.6044046878814697, 2.6043264865875244, 1.636465885814319, 1732894467297013063, 
1.6044046878814697, 2.6043264865875244, 1.6364658920465414, 1732894467387003051, 
1.6044046878814697, 2.6043264865875244, 1.6364659057367703, 1732894467506775136, 
1.6044046878814697, 2.6043264865875244, 1.636466274114527, 1732894467598518976, 
1.6044046878814697, 2.6043264865875244, 1.6364661104980838, 1732894467697167211, 
1.6044046878814697, 2.6043264865875244, 1.6364661272866488, 1732894467787006201, 
1.6044046878814697, 2.6043264865875244, 1.6364661272866488, 1732894467886732180, 
1.6044046878814697, 2.6043264865875244, 1.6364661272866488, 1732894467998560603, 
1.6044046878814697, 2.6043264865875244, 1.6364661272866488, 1732894468097211186, 
1.6044046878814697, 2.6043264865875244, 1.6364664347657032, 1732894468187059686, 
1.6044046878814697, 2.6043264865875244, 1.6364664347657032, 1732894468307568549, 
1.6044046878814697, 2.6043264865875244, 1.6364664347657032, 1732894468397116625, 
1.6044046878814697, 2.6043264865875244, 1.6364664347657032, 1732894468497081742, 
1.6044046878814697, 2.6043264865875244, 1.6364664347657032, 1732894468588017551, 
1.6044046878814697, 2.6043264865875244, 1.6364664347657032, 1732894468707022444, 
1.6044046878814697, 2.6043264865875244, 1.6364664347657032, 1732894468796750451, 
1.6044046878814697, 2.6043264865875244, 1.6364664347657032, 1732894468897272426, 
1.6044046878814697, 2.6043264865875244, 1.6364664347657032, 1732894468989035717, 
1.6044046878814697, 2.6043264865875244, 1.6364664347657032, 1732894469107936827, 
1.6044046878814697, 2.6043264865875244, 1.6364664347657032, 1732894469197011595, 
1.6044046878814697, 2.6043264865875244, 1.6364664347657032, 1732894469297113326, 
1.6044046878814697, 2.6043264865875244, 1.6364664347657032, 1732894469387262798, 
1.6044046878814697, 2.6043264865875244, 1.6364664347657032, 1732894469507586339, 
1.6044046878814697, 2.6043264865875244, 1.6364664347657032, 1732894469597301150, 
1.6044046878814697, 2.6043264865875244, 1.6364664347657032, 1732894469697049981, 
1.6044046878814697, 2.6043264865875244, 1.6364664347657032, 1732894469788474776, 
1.6044046878814697, 2.6043264865875244, 1.6364662438212758, 1732894469902003434, 
1.6044046878814697, 2.6043264865875244, 1.6364662643572605, 1732894469997963953, 
1.6044046878814697, 2.6043264865875244, 1.636466286128594, 1732894470098319014, 
1.6044046878814697, 2.6043264865875244, 1.6364659628950105, 1732894470187168296, 
1.6044046878814697, 2.6043264865875244, 1.6364661929983033, 1732894470303333338, 
1.6044046878814697, 2.6043264865875244, 1.6364662288886906, 1732894470397121572, 
1.6044046878814697, 2.6043264865875244, 1.6364664426925963, 1732894470498331330, 
1.6044046878814697, 2.6043264865875244, 1.6364665053023886, 1732894470587247803, 
1.6044046878814697, 2.6043264865875244, 1.6364666281023657, 1732894470703674383, 
1.6044046878814697, 2.6043264865875244, 1.636466367590557, 1732894470796709918, 
1.6044046878814697, 2.6043264865875244, 1.6364666326327522, 1732894470895073522, 
1.6044046878814697, 2.6043264865875244, 1.6364666999959157, 1732894470987046699, 
1.6044046878814697, 2.6043264865875244, 1.6364669169407489, 1732894471105274652, 
1.6044046878814697, 2.6043264865875244, 1.636467277112192, 1732894471197439505, 
1.6044046878814697, 2.6043264865875244, 1.6364671242178683, 1732894471296066790, 
1.6044046878814697, 2.6043264865875244, 1.6364676307770771, 1732894471388075546, 
1.6044046878814697, 2.6043264865875244, 1.63646742370764, 1732894471505743605, 
1.6044046878814697, 2.6043264865875244, 1.6364675393539616, 1732894471599566003, 
1.6044046878814697, 2.6043264865875244, 1.6364674566409632, 1732894471697074246, 
1.6044046878814697, 2.6043264865875244, 1.6364673899192494, 1732894471787074105, 
1.6044046878814697, 2.6043264865875244, 1.6364669408497174, 1732894471907062482, 
1.6044046878814697, 2.6043264865875244, 1.6364669408497174, 1732894471998511813, 
1.6044046878814697, 2.6043264865875244, 1.636466850848305, 1732894472097096673, 
1.6044046878814697, 2.6043264865875244, 1.6364668457225342, 1732894472188246576, 
1.6044046878814697, 2.6043264865875244, 1.6364670384450304, 1732894472306832988, 
1.6044046878814697, 2.6043264865875244, 1.6364669429235852, 1732894472387945190, 
1.6044046878814697, 2.6043264865875244, 1.6364669747693505, 1732894472498168088, 
1.6044046878814697, 2.6043264865875244, 1.636466990460849, 1732894472588159526, 
1.6044046878814697, 2.6043264865875244, 1.636466990460849, 1732894472708619807, 
1.6044046878814697, 2.6043264865875244, 1.636466990460849, 1732894472797277597, 
1.6044046878814697, 2.6043264865875244, 1.636466990460849, 1732894472897189997, 
1.6044046878814697, 2.6043264865875244, 1.636466990460849, 1732894472988155987, 
1.6044046878814697, 2.6043264865875244, 1.636466990460849, 1732894473108557823, 
1.6044046878814697, 2.6043264865875244, 1.636466990460849, 1732894473188341093, 
1.6044046878814697, 2.6043264865875244, 1.636466990460849, 1732894473298130593, 
1.6044046878814697, 2.6043264865875244, 1.636466990460849, 1732894473388301655, 
1.6044046878814697, 2.6043264865875244, 1.636466990460849, 1732894473508602848, 
1.6044046878814697, 2.6043264865875244, 1.6364662190275925, 1732894473599971248, 
1.6044046878814697, 2.6043264865875244, 1.6364663672423434, 1732894473693124316, 
1.6044046878814697, 2.6043264865875244, 1.6364659696794488, 1732894473791349438, 
1.6044046878814697, 2.6043264865875244, 1.6364648938397597, 1732894473908649623, 
1.6044046878814697, 2.6043264865875244, 1.6364648938408863, 1732894473997891687, 
1.6044046878814697, 2.6043264865875244, 1.6364648938408863, 1732894474098120750, 
1.6044046878814697, 2.6043264865875244, 1.6364648938408863, 1732894474188086684, 
1.6044046878814697, 2.6043264865875244, 1.6364648938408863, 1732894474287508756, 
1.6044046878814697, 2.6043264865875244, 1.6364648938408863, 1732894474397111912, 
1.6044046878814697, 2.6043264865875244, 1.6364648938408863, 1732894474497009599, 
1.6044046878814697, 2.6043264865875244, 1.636464704358917, 1732894474587912176, 
1.6044046878814697, 2.6043264865875244, 1.6364641367970065, 1732894474702791998, 
1.6044046878814697, 2.6043264865875244, 1.6364642863666328, 1732894474784099803, 
1.6044046878814697, 2.6043264865875244, 1.6364642670101581, 1732894474898623761, 
1.6044046878814697, 2.6043264865875244, 1.6364642508120086, 1732894474988016614, 
1.6044046878814697, 2.6043264865875244, 1.6364640456048016, 1732894475104280398, 
1.6044046878814697, 2.6043264865875244, 1.6364640522045033, 1732894475198646903, 
1.6044046878814697, 2.6043264865875244, 1.6364639326016885, 1732894475294712763, 
1.6044046878814697, 2.6043264865875244, 1.6364639594257262, 1732894475388275918, 
1.6044046878814697, 2.6043264865875244, 1.6364643483324934, 1732894475504776298, 
1.6044046878814697, 2.6043264865875244, 1.636464378771753, 1732894475597847656, 
1.6044046878814697, 2.6043264865875244, 1.636464244400411, 1732894475696452969, 
1.6044046878814697, 2.6043264865875244, 1.6364640892704263, 1732894475788159452, 
1.6044046878814697, 2.6043264865875244, 1.6364639407070403, 1732894475838517082, 
1.6044046878814697, 2.6043264865875244, 1.63646383880914, 1732894475999032649, 
1.6044046878814697, 2.6043264865875244, 1.636464409819347, 1732894476097312516, 
1.6044046878814697, 2.6043264865875244, 1.6364644600752882, 1732894476188166626, 
1.6044046878814697, 2.6043264865875244, 1.636464339203339, 1732894476238301181, 
1.6044046878814697, 2.6043264865875244, 1.6364643734464812, 1732894476337070900, 
1.6044046878814697, 2.6043264865875244, 1.6364646302935482, 1732894476498464340, 
1.6044046878814697, 2.6043264865875244, 1.6364646426111522, 1732894476588133956, 
1.6044046878814697, 2.6043264865875244, 1.6364646473819362, 1732894476638238274, 
1.6044046878814697, 2.6043264865875244, 1.6364649535347724, 1732894476799467509, 
1.6044046878814697, 2.6043264865875244, 1.63646457982654, 1732894476898182984, 
1.6044046878814697, 2.6043264865875244, 1.6364645385165835, 1732894476988176484, 
1.6044046878814697, 2.6043264865875244, 1.6364645385165835, 1732894477038356041, 
1.6044046878814697, 2.6043264865875244, 1.6364645385165835, 1732894477187721133, 
1.6044046878814697, 2.6043264865875244, 1.6364641963089155, 1732894477298294866, 
1.6044046878814697, 2.6043264865875244, 1.6364641963089155, 1732894477348164073, 
1.6044046878814697, 2.6043264865875244, 1.6364641963089155, 1732894477508156397, 
1.6044046878814697, 2.6043264865875244, 1.6364641963089155, 1732894477547706076, 
1.6044046878814697, 2.6043264865875244, 1.6364641963089155, 1732894477698192539, 
1.6044046878814697, 2.6043264865875244, 1.6364641963089155, 1732894477789170057, 
1.6044046878814697, 2.6043264865875244, 1.6364641963089155, 1732894477838470033, 
1.6044046878814697, 2.6043264865875244, 1.6364641963089155, 1732894477948692001, 
1.6044046878814697, 2.6043264865875244, 1.6364641963089155, 1732894478098367866, 
1.6044046878814697, 2.6043264865875244, 1.6364641963089155, 1732894478148161715, 
1.6044046878814697, 2.6043264865875244, 1.6364641963089155, 1732894478309224935, 
1.6044045686721802, 2.6043264865875244, 1.6364630995998908, 1732894478334535551, 
1.6044045686721802, 2.6043264865875244, 1.6364625582339496, 1732894478401751745, 
1.6044045686721802, 2.6043264865875244, 1.6364621627947495, 1732894478543484735, 
1.6044045686721802, 2.6043264865875244, 1.636462124089062, 1732894478643185309, 
1.6044045686721802, 2.6043264865875244, 1.6364620957644214, 1732894478753080957, 
1.6044045686721802, 2.6043264865875244, 1.6364620957644214, 1732894478848167464, 
1.6044045686721802, 2.6043264865875244, 1.6364620957644214, 1732894478898558548, 
1.6044045686721802, 2.6043264865875244, 1.6364622347721216, 1732894478987814815, 
1.6044045686721802, 2.6043264865875244, 1.6364621148012377, 1732894479102676644, 
1.6044045686721802, 2.6043264865875244, 1.6364621478096237, 1732894479198196623, 
1.6044045686721802, 2.6043264865875244, 1.6364616699605905, 1732894479298074691, 
1.6044045686721802, 2.6043264865875244, 1.6364607723700308, 1732894479504401243, 
1.6044045686721802, 2.6043264865875244, 1.6364601041905298, 1732894479585540432, 
1.6044045686721802, 2.6043264865875244, 1.6364597479573741, 1732894479698765547, 
1.6044045686721802, 2.6043264865875244, 1.6364599133248723, 1732894479788131864, 
1.6044045686721802, 2.6043264865875244, 1.6364597567309294, 1732894479905515647, 
1.6044045686721802, 2.6043264865875244, 1.6364597676030237, 1732894479998459595, 
1.6044045686721802, 2.6043264865875244, 1.6364597871536914, 1732894480095794322, 
1.6044045686721802, 2.6043264865875244, 1.6364597884883176, 1732894480188236195, 
1.6044045686721802, 2.6043264865875244, 1.636459781675348, 1732894480305968178, 
1.6044045686721802, 2.6043264865875244, 1.6364597780967571, 1732894480387404712, 
1.6044045686721802, 2.6043264865875244, 1.6364597727091392, 1732894480497376935, 
1.6044045686721802, 2.6043264865875244, 1.636459761400663, 1732894480589302946, 
1.6044045686721802, 2.6043264865875244, 1.6364599152383328, 1732894480707922698, 
1.6044045686721802, 2.6043264865875244, 1.6364599067726477, 1732894480799322511, 
1.6044045686721802, 2.6043264865875244, 1.636459732164326, 1732894480898374941, 
1.6044045686721802, 2.6043264865875244, 1.6364595513983933, 1732894480988251301, 
1.6044045686721802, 2.6043264865875244, 1.6364588785993615, 1732894481108196412, 
1.6044045686721802, 2.6043264865875244, 1.6364590571772366, 1732894481198763181, 
1.6044045686721802, 2.6043264865875244, 1.6364587248511253, 1732894481298279209, 
1.6044045686721802, 2.6043264865875244, 1.6364587248511253, 1732894481388313864, 
1.6044045686721802, 2.6043264865875244, 1.6364587248511253, 1732894481507717473, 
1.6044045686721802, 2.6043264865875244, 1.6364587248511253, 1732894481587885755, 
1.6044045686721802, 2.6043264865875244, 1.6364587248511253, 1732894481698272379, 
1.6044045686721802, 2.6043264865875244, 1.6364587248511253, 1732894481789266784, 
1.6044045686721802, 2.6043264865875244, 1.6364587248511253, 1732894481907676351, 
1.6044045686721802, 2.6043264865875244, 1.6364587248511253, 1732894481987804869, 
1.6044045686721802, 2.6043264865875244, 1.6364587248511253, 1732894482098429031, 
1.6044045686721802, 2.6043264865875244, 1.6364587248511253, 1732894482189412976, 
1.6044045686721802, 2.6043264865875244, 1.6364587248511253, 1732894482307715557, 
1.6044045686721802, 2.6043264865875244, 1.6364587248511253, 1732894482387760251, 
1.6044045686721802, 2.6043264865875244, 1.6364587248511253, 1732894482498292421, 
1.6044045686721802, 2.6043264865875244, 1.6364587248511253, 1732894482588275452, 
1.6044045686721802, 2.6043264865875244, 1.6364587248511253, 1732894482708149013, 
1.6044045686721802, 2.6043264865875244, 1.6364587248511253, 1732894482797744388, 
1.6044045686721802, 2.6043264865875244, 1.6364587248511253, 1732894482898277185, 
1.6044045686721802, 2.6043264865875244, 1.6364587248511253, 1732894482988081350, 
1.6044045686721802, 2.6043264865875244, 1.6364587248511253, 1732894483088602884, 
1.6044045686721802, 2.6043264865875244, 1.6364587248511253, 1732894483198350794, 
1.6044045686721802, 2.6043264865875244, 1.6364587248511253, 1732894483298458063, 
1.6044045686721802, 2.6043264865875244, 1.6364587248511253, 1732894483388010602, 
1.6044046878814697, 2.6043264865875244, 1.6364598326584352, 1732894483503491465, 
1.6044046878814697, 2.6043264865875244, 1.6364598259356635, 1732894483584207384, 
1.6044046878814697, 2.6043264865875244, 1.6364598221863376, 1732894483697862186, 
1.6044046878814697, 2.6043264865875244, 1.6364599860160753, 1732894483788542815, 
1.6044046878814697, 2.6043264865875244, 1.6364596272263598, 1732894483904526191, 
1.6044046878814697, 2.6043264865875244, 1.6364599423968242, 1732894483998541281, 
1.6044046878814697, 2.6043264865875244, 1.6364593900313429, 1732894484078592483, 
1.6044046878814697, 2.6043264865875244, 1.636459356306427, 1732894484188413309, 
1.6044046878814697, 2.6043264865875244, 1.6364580885404416, 1732894484304928009, 
1.6044046878814697, 2.6043264865875244, 1.6364582420193439, 1732894484334783476, 
1.6044046878814697, 2.6043264865875244, 1.636457716027797, 1732894484448354175, 
1.6044046878814697, 2.6043264865875244, 1.6364573638329882, 1732894484546420776, 
1.6044046878814697, 2.6043264865875244, 1.6364575338241432, 1732894484638372947, 
1.6044046878814697, 2.6043264865875244, 1.6364575454767618, 1732894484735797203, 
1.6044046878814697, 2.6043264865875244, 1.6364575462206734, 1732894484897471121, 
1.6044046878814697, 2.6043264865875244, 1.6364575532664982, 1732894484989360946, 
1.6044046878814697, 2.6043264865875244, 1.636457217024843, 1732894485108552687, 
1.6044046878814697, 2.6043264865875244, 1.6364572265407862, 1732894485198922461, 
1.6044046878814697, 2.6043264865875244, 1.6364570694334697, 1732894485298507777, 
1.6044046878814697, 2.6043264865875244, 1.6364570755951298, 1732894485388345083, 
1.6044046878814697, 2.6043264865875244, 1.6364570686172375, 1732894485508009528, 
1.6044046878814697, 2.6043264865875244, 1.6364570625407664, 1732894485588518720, 
1.6044046878814697, 2.6043264865875244, 1.6364573921240064, 1732894485698468832, 
1.6044046878814697, 2.6043264865875244, 1.6364573921240064, 1732894485788336156, 
1.6044046878814697, 2.6043264865875244, 1.6364573921240064, 1732894485887998361, 
1.6044046878814697, 2.6043264865875244, 1.6364573344259263, 1732894485998945818, 
1.6044046878814697, 2.6043264865875244, 1.6364573344259263, 1732894486098410659, 
1.6044046878814697, 2.6043264865875244, 1.6364573344259263, 1732894486189341835, 
1.6044046878814697, 2.6043264865875244, 1.6364573344259263, 1732894486307816492, 
1.6044046878814697, 2.6043264865875244, 1.6364573344259263, 1732894486398105711, 
1.6044046878814697, 2.6043264865875244, 1.6364573344259263, 1732894486498349446, 
1.6044046878814697, 2.6043264865875244, 1.6364573344259263, 1732894486589345701, 
1.6044046878814697, 2.6043264865875244, 1.6364573344259263, 1732894486708285987, 
1.6044046878814697, 2.6043264865875244, 1.6364573344259263, 1732894486789112325, 
1.6044046878814697, 2.6043264865875244, 1.6364573344259263, 1732894486898329249, 
1.6044046878814697, 2.6043264865875244, 1.6364573344259263, 1732894486990334610, 
1.6044046878814697, 2.6043264865875244, 1.6364573344259263, 1732894487088352150, 
1.6044046878814697, 2.6043264865875244, 1.6364573344259263, 1732894487197707444, 
1.6044046878814697, 2.6043264865875244, 1.6364573344259263, 1732894487298484478, 
1.6044046878814697, 2.6043264865875244, 1.6364573344259263, 1732894487389325777, 
1.6044046878814697, 2.6043264865875244, 1.6364573344259263, 1732894487508547884, 
1.6044046878814697, 2.6043264865875244, 1.6364573344259263, 1732894487598738486, 
1.6044046878814697, 2.6043264865875244, 1.6364573344259263, 1732894487697782718, 
1.6044046878814697, 2.6043264865875244, 1.6364573344259263, 1732894487749459163, 
1.6044046878814697, 2.6043264865875244, 1.6364570924850088, 1732894487904090131, 
1.6044046878814697, 2.6043264865875244, 1.636457096450208, 1732894487984390148, 
1.6044046878814697, 2.6043264865875244, 1.6364567444933862, 1732894488098056957, 
1.6044046878814697, 2.6043264865875244, 1.6364562362202433, 1732894488189642565, 
1.6044046878814697, 2.6043264865875244, 1.6364559267502277, 1732894488304395321, 
1.6044046878814697, 2.6043264865875244, 1.636455582844857, 1732894488385608150, 
1.6044046878814697, 2.6043264865875244, 1.6364547446935378, 1732894488498906504, 
1.6044046878814697, 2.6043264865875244, 1.6364547689878661, 1732894488588760051, 
1.6044046878814697, 2.6043264865875244, 1.6364549632840095, 1732894488704944223, 
1.6044046878814697, 2.6043264865875244, 1.6364546350002929, 1732894488798529413, 
1.6044046878814697, 2.6043264865875244, 1.6364551786970192, 1732894488896347849, 
1.6044046878814697, 2.6043264865875244, 1.6364551923644437, 1732894488989361604, 
1.6044046878814697, 2.6043264865875244, 1.6364552311344702, 1732894489105774134, 
1.6044046878814697, 2.6043264865875244, 1.6364550496620716, 1732894489197711616, 
1.6044046878814697, 2.6043264865875244, 1.6364543610328837, 1732894489296702226, 
1.6044046878814697, 2.6043264865875244, 1.6364545243318986, 1732894489390427864, 
1.6044046878814697, 2.6043264865875244, 1.636454365924283, 1732894489507381090, 
1.6044046878814697, 2.6043264865875244, 1.6364543682499062, 1732894489588065318, 
1.6044046878814697, 2.6043264865875244, 1.6364543642362346, 1732894489698639687, 
1.6044046878814697, 2.6043264865875244, 1.6364536502145572, 1732894489789552459, 
1.6044046878814697, 2.6043264865875244, 1.6364536531422036, 1732894489908634577, 
1.6044046878814697, 2.6043264865875244, 1.636453661329805, 1732894489988381238, 
1.6044046878814697, 2.6043264865875244, 1.6364538414223275, 1732894490098411713, 
1.6044046878814697, 2.6043264865875244, 1.6364536704602288, 1732894490188466630, 
1.6044046878814697, 2.6043264865875244, 1.6364533368549483, 1732894490308115829, 
1.6044046878814697, 2.6043264865875244, 1.6364533368549483, 1732894490389394861, 
1.6044046878814697, 2.6043264865875244, 1.6364535446290263, 1732894490498587523, 
1.6044046878814697, 2.6043264865875244, 1.6364535446290263, 1732894490589394894, 
1.6044046878814697, 2.6043264865875244, 1.636453762783828, 1732894490709598343, 
1.6044046878814697, 2.6043264865875244, 1.636453762783828, 1732894490798433830, 
1.6044046878814697, 2.6043264865875244, 1.636453762783828, 1732894490898500876, 
1.6044046878814697, 2.6043264865875244, 1.636453762783828, 1732894490989408023, 
1.6044046878814697, 2.6043264865875244, 1.636453762783828, 1732894491109094823, 
1.6044046878814697, 2.6043264865875244, 1.636453762783828, 1732894491198117054, 
1.6044046878814697, 2.6043264865875244, 1.636453762783828, 1732894491298610838, 
1.6044046878814697, 2.6043264865875244, 1.636453762783828, 1732894491390412602, 
1.6044046878814697, 2.6043264865875244, 1.636453762783828, 1732894491510631384, 
1.6044046878814697, 2.6043264865875244, 1.636453762783828, 1732894491589574848, 
1.6044046878814697, 2.6043264865875244, 1.636453762783828, 1732894491699419177, 
1.6044046878814697, 2.6043264865875244, 1.636453762783828, 1732894491789390896, 
1.6044046878814697, 2.6043264865875244, 1.636453762783828, 1732894491889471800, 
1.6044046878814697, 2.6043264865875244, 1.636453762783828, 1732894491989365009, 
1.6044046878814697, 2.6043264865875244, 1.6364539298008207, 1732894492093453242, 
1.6044046878814697, 2.6043264865875244, 1.636453946683915, 1732894492194260770, 
1.6044046878814697, 2.6043264865875244, 1.6364539555577933, 1732894492282890762, 
1.6044046878814697, 2.6043264865875244, 1.6364539516927457, 1732894492403818758, 
1.6044046878814697, 2.6043264865875244, 1.636453942978701, 1732894492498467052, 
1.6044046878814697, 2.6043264865875244, 1.636453943574656, 1732894492588657645, 
1.6044046878814697, 2.6043264865875244, 1.6364537505068812, 1732894492705506023, 
1.6044046878814697, 2.6043264865875244, 1.6364537342089944, 1732894492784691585, 
1.6044046878814697, 2.6043264865875244, 1.636453365593016, 1732894492899648361, 
1.6044046878814697, 2.6043264865875244, 1.636452812032189, 1732894492989511101, 
1.6044046878814697, 2.6043264865875244, 1.6364534471922896, 1732894493106355608, 
1.6044046878814697, 2.6043264865875244, 1.6364532474510045, 1732894493199232661, 
1.6044046878814697, 2.6043264865875244, 1.6364530337736618, 1732894493296495682, 
1.6044046878814697, 2.6043264865875244, 1.6364531668431237, 1732894493389449905, 
1.6044046878814697, 2.6043264865875244, 1.6364531271394807, 1732894493506310628, 
1.6044046878814697, 2.6043264865875244, 1.6364532803664937, 1732894493587384620, 
1.6044046878814697, 2.6043264865875244, 1.6364532839976547, 1732894493697566822, 
1.6044046878814697, 2.6043264865875244, 1.6364531321150066, 1732894493789616550, 
1.6044046878814697, 2.6043264865875244, 1.6364533275626858, 1732894493906747465, 
1.6044046878814697, 2.6043264865875244, 1.6364531673880809, 1732894493999773390, 
1.6044046878814697, 2.6043264865875244, 1.6364533313609626, 1732894494080605899, 
1.6044046878814697, 2.6043264865875244, 1.6364530213268798, 1732894494189481544, 
1.6044046878814697, 2.6043264865875244, 1.636453371692592, 1732894494308668105, 
1.6044046878814697, 2.6043264865875244, 1.6364535571839223, 1732894494388812143, 
1.6044046878814697, 2.6043264865875244, 1.6364537142028721, 1732894494498754161, 
1.6044046878814697, 2.6043264865875244, 1.6364537074017411, 1732894494589670195, 
1.6044046878814697, 2.6043264865875244, 1.6364536907505929, 1732894494709315913, 
1.6044046878814697, 2.6043264865875244, 1.6364537015798493, 1732894494789251846, 
1.6044046878814697, 2.6043264865875244, 1.636453721089842, 1732894494899629082, 
1.6044046878814697, 2.6043264865875244, 1.636453721089842, 1732894494989491234, 
1.6044046878814697, 2.6043264865875244, 1.636453721089842, 1732894495089597369, 
1.6044046878814697, 2.6043264865875244, 1.636453721089842, 1732894495189269605, 
1.6044046878814697, 2.6043264865875244, 1.6364524554622404, 1732894495298753969, 
1.6044046878814697, 2.6043264865875244, 1.6364524554616526, 1732894495389506860, 
1.6044046878814697, 2.6043264865875244, 1.6364524554616526, 1732894495509118556, 
1.6044046878814697, 2.6043264865875244, 1.6364524554616526, 1732894495589410788, 
1.6044046878814697, 2.6043264865875244, 1.6364524554616526, 1732894495699605081, 
1.6044046878814697, 2.6043264865875244, 1.6364524554616526, 1732894495790571544, 
1.6044046878814697, 2.6043264865875244, 1.6364524554616526, 1732894495908724387, 
1.6044046878814697, 2.6043264865875244, 1.6364524554616526, 1732894495999547530, 
1.6044046878814697, 2.6043264865875244, 1.6364524554616526, 1732894496098672343, 
1.6044046878814697, 2.6043264865875244, 1.6364524554616526, 1732894496189492188, 
1.6044046878814697, 2.6043264865875244, 1.6364524554616526, 1732894496288994522, 
1.6044046878814697, 2.6043264865875244, 1.6364524554616526, 1732894496390370467, 
1.6044046878814697, 2.6043264865875244, 1.6364524554616526, 1732894496498852866, 
1.6044046878814697, 2.6043264865875244, 1.6364524554616526, 1732894496589028884, 
1.6044046878814697, 2.6043264865875244, 1.6364524554616526, 1732894496708837888, 
1.6044046878814697, 2.6043264865875244, 1.6364524554616526, 1732894496799176802, 
1.6044046878814697, 2.6043264865875244, 1.6364524554616526, 1732894496899323137, 
1.6044046878814697, 2.6043264865875244, 1.6364527813647243, 1732894496989338895, 
1.6044046878814697, 2.6043264865875244, 1.636452587396548, 1732894497089468826, 
1.6044046878814697, 2.6043264865875244, 1.636452908233512, 1732894497199257835, 
1.6044046878814697, 2.6043264865875244, 1.6364525405919736, 1732894497298966902, 
1.6044046878814697, 2.6043264865875244, 1.6364526839253348, 1732894497388878008, 
1.6044046878814697, 2.6043264865875244, 1.6364526572168834, 1732894497506073707, 
1.6044046878814697, 2.6043264865875244, 1.6364526636009706, 1732894497599492731, 
1.6044046878814697, 2.6043264865875244, 1.6364526690862518, 1732894497700457911, 
1.6044046878814697, 2.6043264865875244, 1.636452516848201, 1732894497788739552, 
1.6044046878814697, 2.6043264865875244, 1.6364526935097725, 1732894497906520513, 
1.6044046878814697, 2.6043264865875244, 1.6364525364847218, 1732894497999275473, 
1.6044046878814697, 2.6043264865875244, 1.6364527084049025, 1732894498097617017, 
1.6044046878814697, 2.6043264865875244, 1.6364527172507082, 1732894498189561786, 
1.6044046878814697, 2.6043264865875244, 1.6364525660646683, 1732894498307039592, 
1.6044046878814697, 2.6043264865875244, 1.636452397086116, 1732894498388380255, 
1.6044046878814697, 2.6043264865875244, 1.6364521969456203, 1732894498497885065, 
1.6044046878814697, 2.6043264865875244, 1.6364521771742848, 1732894498589549892, 
1.6044046878814697, 2.6043264865875244, 1.6364523240578897, 1732894498689638437, 
1.6044046878814697, 2.6043264865875244, 1.636452315183736, 1732894498788904116, 
1.6044046878814697, 2.6043264865875244, 1.6364523155206692, 1732894498898712114, 
1.6044046878814697, 2.6043264865875244, 1.6364523338906125, 1732894498989568252, 
1.6044046878814697, 2.6043264865875244, 1.6364522115619329, 1732894499089529735, 
1.6044046878814697, 2.6043264865875244, 1.6364522400499069, 1732894499189381264, 
1.6044046878814697, 2.6043264865875244, 1.6364521085103858, 1732894499299552315, 
1.6044046878814697, 2.6043264865875244, 1.6364521085103858, 1732894499389569767, 
1.6044046878814697, 2.6043264865875244, 1.6364521085103858, 1732894499509642740, 
1.6044046878814697, 2.6043264865875244, 1.6364521085103858, 1732894499599113268, 
1.6044046878814697, 2.6043264865875244, 1.636451856514445, 1732894499698800327, 
1.6044046878814697, 2.6043264865875244, 1.636451856514445, 1732894499789565431, 
1.6044046878814697, 2.6043264865875244, 1.636451856514445, 1732894499908833548, 
1.6044046878814697, 2.6043264865875244, 1.636451856514445, 1732894499989552838, 
1.6044046878814697, 2.6043264865875244, 1.636451856514445, 1732894500099564391, 
1.6044046878814697, 2.6043264865875244, 1.636451856514445, 1732894500189703226, 
1.6044046878814697, 2.6043264865875244, 1.636451856514445, 1732894500289542734, 
1.6044046878814697, 2.6043264865875244, 1.636451856514445, 1732894500398903170, 
1.6044046878814697, 2.6043264865875244, 1.636451856514445, 1732894500499596153, 
1.6044046878814697, 2.6043264865875244, 1.636451856514445, 1732894500588756004, 
1.6044046878814697, 2.6043264865875244, 1.636451856514445, 1732894500709753004, 
1.6044046878814697, 2.6043264865875244, 1.636451856514445, 1732894500785148487, 
1.6044048070907593, 2.6043264865875244, 1.636452868541929, 1732894500894277408, 
1.6044048070907593, 2.6043264865875244, 1.6364531859207208, 1732894500994483141, 
1.6044048070907593, 2.6043264865875244, 1.6364535092208647, 1732894501084400860, 
1.6044048070907593, 2.6043264865875244, 1.6364527925033654, 1732894501189857064, 
1.6044048070907593, 2.6043264865875244, 1.6364517483791092, 1732894501299268964, 
1.6044048070907593, 2.6043264865875244, 1.6364508782739795, 1732894501388826888, 
1.6044048070907593, 2.6043264865875244, 1.6364505452847837, 1732894501505271033, 
1.6044048070907593, 2.6043264865875244, 1.636450395610154, 1732894501598900485, 
1.6044048070907593, 2.6043264865875244, 1.6364502327953816, 1732894501698988745, 
1.6044048070907593, 2.6043264865875244, 1.6364499079813786, 1732894501789634792, 
1.6044048070907593, 2.6043264865875244, 1.6364499314093979, 1732894501889598862, 
1.6044048070907593, 2.6043264865875244, 1.6364495744466352, 1732894501985659835, 
1.6044048070907593, 2.6043264865875244, 1.6364495804151855, 1732894502099774990, 
1.6044048070907593, 2.6043264865875244, 1.6364495941277655, 1732894502189605896, 
1.6044048070907593, 2.6043264865875244, 1.636449637569328, 1732894502306044827, 
1.6044048070907593, 2.6043264865875244, 1.6364496688793928, 1732894502398821693, 
1.6044048070907593, 2.6043264865875244, 1.636449202434598, 1732894502496776177, 
1.6044048070907593, 2.6043264865875244, 1.6364492451840442, 1732894502589598506, 
1.6044048070907593, 2.6043264865875244, 1.6364491241299886, 1732894502690140182, 
1.6044048070907593, 2.6043264865875244, 1.636449360782017, 1732894502787505324, 
1.6044048070907593, 2.6043264865875244, 1.636449233102609, 1732894502897670865, 
1.6044048070907593, 2.6043264865875244, 1.6364492393924253, 1732894502990615335, 
1.6044048070907593, 2.6043264865875244, 1.636449226656257, 1732894503091086854, 
1.6044048070907593, 2.6043264865875244, 1.6364486842686803, 1732894503188717158, 
1.6044048070907593, 2.6043264865875244, 1.6364484504968655, 1732894503298836250, 
1.6044048070907593, 2.6043264865875244, 1.6364480562370616, 1732894503388786825, 
1.6044048070907593, 2.6043264865875244, 1.636447675757205, 1732894503509601801, 
1.6044048070907593, 2.6043264865875244, 1.6364478311966992, 1732894503589000807, 
1.6044048070907593, 2.6043264865875244, 1.6364478302888825, 1732894503698783027, 
1.6044048070907593, 2.6043264865875244, 1.6364481615641016, 1732894503789628197, 
1.6044048070907593, 2.6043264865875244, 1.6364481615641016, 1732894503888994702, 
1.6044048070907593, 2.6043264865875244, 1.6364481615641016, 1732894504000514612, 
1.6044048070907593, 2.6043264865875244, 1.6364481615641016, 1732894504099017168, 
1.6044048070907593, 2.6043264865875244, 1.6364481615641016, 1732894504189624223, 
1.6044048070907593, 2.6043264865875244, 1.6364481615641016, 1732894504309358432, 
1.6044048070907593, 2.6043264865875244, 1.6364481615641016, 1732894504389006726, 
1.6044048070907593, 2.6043264865875244, 1.6364481615641016, 1732894504498886989, 
1.6044048070907593, 2.6043264865875244, 1.6364481615641016, 1732894504589664162, 
1.6044048070907593, 2.6043264865875244, 1.6364481615641016, 1732894504689375759, 
1.6044048070907593, 2.6043264865875244, 1.6364481615641016, 1732894504789448307, 
1.6044048070907593, 2.6043264865875244, 1.6364481615641016, 1732894504898740748, 
1.6044048070907593, 2.6043264865875244, 1.6364481615641016, 1732894504989762106, 
1.6044048070907593, 2.6043264865875244, 1.6364481615641016, 1732894505089691808, 
1.6044048070907593, 2.6043264865875244, 1.6364481615641016, 1732894505199308717, 
1.6044048070907593, 2.6043264865875244, 1.6364481615641016, 1732894505299547807, 
1.6044048070907593, 2.6043264865875244, 1.6364481615641016, 1732894505389822644, 
1.6044048070907593, 2.6043264865875244, 1.6364481615641016, 1732894505488912007, 
1.6044048070907593, 2.6043264865875244, 1.6364481615641016, 1732894505598762719, 
1.6044048070907593, 2.6043264865875244, 1.6364481615641016, 1732894505699334222, 
1.6044048070907593, 2.6043264865875244, 1.6364481615641016, 1732894505790591494, 
1.6044048070907593, 2.6043264865875244, 1.6364481615641016, 1732894505889235360, 
1.6044046878814697, 2.6043264865875244, 1.6364475373176017, 1732894505999405521, 
1.6044046878814697, 2.6043264865875244, 1.6364478639224178, 1732894506099943702, 
1.6044046878814697, 2.6043264865875244, 1.6364476698774308, 1732894506188670189, 
1.6044046878814697, 2.6043264865875244, 1.636448160220616, 1732894506289173733, 
1.6044046878814697, 2.6043264865875244, 1.6364477714197432, 1732894506398811662, 
1.6044046878814697, 2.6043264865875244, 1.6364475523186293, 1732894506499753808, 
1.6044046878814697, 2.6043264865875244, 1.6364475113666954, 1732894506589664781, 
1.6044046878814697, 2.6043264865875244, 1.6364468967819745, 1732894506705771140, 
1.6044046878814697, 2.6043264865875244, 1.6364466844205627, 1732894506787382271, 
1.6044046878814697, 2.6043264865875244, 1.63644647833066, 1732894506896578581, 
1.6044046878814697, 2.6043264865875244, 1.636445609480167, 1732894506988710428, 
1.6044046878814697, 2.6043264865875244, 1.636445628328302, 1732894507090235562, 
1.6044046878814697, 2.6043264865875244, 1.6364458535061535, 1732894507188253592, 
1.6044046878814697, 2.6043264865875244, 1.6364458925288121, 1732894507297823957, 
1.6044046878814697, 2.6043264865875244, 1.636445765628092, 1732894507390698221, 
1.6044046878814697, 2.6043264865875244, 1.636445799495774, 1732894507492157802, 
1.6044046878814697, 2.6043264865875244, 1.63644583173793, 1732894507589630271, 
1.6044046878814697, 2.6043264865875244, 1.6364458632267738, 1732894507698676541, 
1.6044046878814697, 2.6043264865875244, 1.636445886241397, 1732894507788718657, 
1.6044046878814697, 2.6043264865875244, 1.636446112355812, 1732894507888966005, 
1.6044046878814697, 2.6043264865875244, 1.636446112355812, 1732894507989253340, 
1.6044046878814697, 2.6043264865875244, 1.636446112355812, 1732894508099080222, 
1.6044046878814697, 2.6043264865875244, 1.6364464494968984, 1732894508188707086, 
1.6044046878814697, 2.6043264865875244, 1.6364464741270766, 1732894508289446269, 
1.6044046878814697, 2.6043264865875244, 1.6364465577055656, 1732894508389983831, 
1.6044046878814697, 2.6043264865875244, 1.6364466048336002, 1732894508498974837, 
1.6044046878814697, 2.6043264865875244, 1.6364466048336002, 1732894508589833639, 
1.6044046878814697, 2.6043264865875244, 1.6364466048336002, 1732894508690153983, 
1.6044046878814697, 2.6043264865875244, 1.6364466048336002, 1732894508789829086, 
1.6044046878814697, 2.6043264865875244, 1.6364466048336002, 1732894508899395973, 
1.6044046878814697, 2.6043264865875244, 1.6364466048336002, 1732894508989727176, 
1.6044046878814697, 2.6043264865875244, 1.6364466048336002, 1732894509110261761, 
1.6044046878814697, 2.6043264865875244, 1.6364466048336002, 1732894509199581350, 
1.6044046878814697, 2.6043264865875244, 1.6364466048336002, 1732894509298910470, 
1.6044046878814697, 2.6043264865875244, 1.6364466048336002, 1732894509390735056, 
1.6044046878814697, 2.6043264865875244, 1.6364468400136944, 1732894509485055428, 
1.6044046878814697, 2.6043264865875244, 1.6364464531304972, 1732894509584996266, 
1.6044046878814697, 2.6043264865875244, 1.636445541576014, 1732894509694832699, 
1.6044046878814697, 2.6043264865875244, 1.6364455053390925, 1732894509793944389, 
1.6044046878814697, 2.6043264865875244, 1.6364449799993113, 1732894509911094850, 
1.6044046878814697, 2.6043264865875244, 1.6364449799993113, 1732894509999114771, 
1.6044046878814697, 2.6043264865875244, 1.6364449799993113, 1732894510100043995, 
1.6044046878814697, 2.6043264865875244, 1.6364449799993113, 1732894510189844497, 
1.6044046878814697, 2.6043264865875244, 1.6364449799993113, 1732894510290597749, 
1.6044046878814697, 2.6043264865875244, 1.6364449799993113, 1732894510398921040, 
1.6044046878814697, 2.6043264865875244, 1.6364446645452428, 1732894510498803943, 
1.6044046878814697, 2.6043264865875244, 1.6364441511013645, 1732894510590206504, 
1.6044046878814697, 2.6043264865875244, 1.6364437851821065, 1732894510689098451, 
1.6044046878814697, 2.6043264865875244, 1.6364432518368004, 1732894510785849527, 
1.6044046878814697, 2.6043264865875244, 1.6364427359507747, 1732894510900265813, 
1.6044046878814697, 2.6043264865875244, 1.6364420431326, 1732894510989922090, 
1.6044046878814697, 2.6043264865875244, 1.6364420159218993, 1732894511107109448, 
1.6044046878814697, 2.6043264865875244, 1.6364416467230831, 1732894511199597923, 
1.6044046878814697, 2.6043264865875244, 1.6364415873029736, 1732894511296932688, 
1.6044046878814697, 2.6043264865875244, 1.6364413756435703, 1732894511389749006, 
1.6044046878814697, 2.6043264865875244, 1.6364409975275083, 1732894511507318862, 
1.6044046878814697, 2.6043264865875244, 1.6364402958004391, 1732894511600445244, 
1.6044046878814697, 2.6043264865875244, 1.636439793333445, 1732894511697781779, 
1.6044046878814697, 2.6043264865875244, 1.6364394652379317, 1732894511789761554, 
1.6044046878814697, 2.6043264865875244, 1.6364398680170362, 1732894511892448016, 
1.6044046878814697, 2.6043264865875244, 1.6364396184694214, 1732894512001078887, 
1.6044046878814697, 2.6043264865875244, 1.6364401827069635, 1732894512098769157, 
1.6044046878814697, 2.6043264865875244, 1.6364401938132003, 1732894512189789882, 
1.6044046878814697, 2.6043264865875244, 1.6364406915596221, 1732894512290576089, 
1.6044046878814697, 2.6043264865875244, 1.6364398127437296, 1732894512389868046, 
1.6044046878814697, 2.6043264865875244, 1.6364401319637067, 1732894512499830655, 
1.6044046878814697, 2.6043264865875244, 1.6364401203887453, 1732894512589847836, 
1.6044046878814697, 2.6043264865875244, 1.6364399260873557, 1732894512690251823, 
1.6044046878814697, 2.6043264865875244, 1.6364397382093456, 1732894512790642009, 
1.6044046878814697, 2.6043264865875244, 1.6364398942633633, 1732894512899899120, 
1.6044046878814697, 2.6043264865875244, 1.6364398942633633, 1732894512989793231, 
1.6044046878814697, 2.6043264865875244, 1.6364398942633633, 1732894513090403076, 
1.6044046878814697, 2.6043264865875244, 1.6364398942633633, 1732894513199710095, 
1.6044046878814697, 2.6043264865875244, 1.6364398942633633, 1732894513300136388, 
1.6044046878814697, 2.6043264865875244, 1.6364398942633633, 1732894513389890347, 
1.6044046878814697, 2.6043264865875244, 1.6364398942633633, 1732894513509968256, 
1.6044046878814697, 2.6043264865875244, 1.6364398942633633, 1732894513590031242, 
1.6044046878814697, 2.6043264865875244, 1.6364398942633633, 1732894513699804530, 
1.6044046878814697, 2.6043264865875244, 1.6364398942633633, 1732894513790790405, 
1.6044046878814697, 2.6043264865875244, 1.6364398942633633, 1732894513890621406, 
1.6044046878814697, 2.6043264865875244, 1.6364398942633633, 1732894513990086514, 
1.6044046878814697, 2.6043264865875244, 1.6364398942633633, 1732894514099719559, 
1.6044046878814697, 2.6043264865875244, 1.6364398942633633, 1732894514190192014, 
1.6044046878814697, 2.6043264865875244, 1.636439894235272, 1732894514286245035, 
1.6044046878814697, 2.6043264865875244, 1.6364397626174487, 1732894514405192997, 
1.6044046878814697, 2.6043264865875244, 1.6364401329611682, 1732894514494695591, 
1.6044046878814697, 2.6043264865875244, 1.636440176281978, 1732894514594834377, 
1.6044046878814697, 2.6043264865875244, 1.6364401904362802, 1732894514711277904, 
1.6044046878814697, 2.6043264865875244, 1.6364401904362802, 1732894514791028282, 
1.6044046878814697, 2.6043264865875244, 1.636440173605242, 1732894514899928382, 
1.6044046878814697, 2.6043264865875244, 1.636440160926815, 1732894514990619606, 
1.6044046878814697, 2.6043264865875244, 1.6364403111488313, 1732894515090209036, 
1.6044046878814697, 2.6043264865875244, 1.6364404611162044, 1732894515199905140, 
1.6044046878814697, 2.6043264865875244, 1.636440297718426, 1732894515300012218, 
1.6044046878814697, 2.6043264865875244, 1.6364402987763187, 1732894515390287646, 
1.6044046878814697, 2.6043264865875244, 1.6364403140136903, 1732894515490264788, 
1.6044046878814697, 2.6043264865875244, 1.6364406774470563, 1732894515599937441, 
1.6044046878814697, 2.6043264865875244, 1.636440863185688, 1732894515697322857, 
1.6044046878814697, 2.6043264865875244, 1.6364406723135216, 1732894515789876392, 
1.6044046878814697, 2.6043264865875244, 1.6364410076785263, 1732894515890369208, 
1.6044046878814697, 2.6043264865875244, 1.6364409847134869, 1732894515987986744, 
1.6044046878814697, 2.6043264865875244, 1.6364409734888234, 1732894516098071035, 
1.6044046878814697, 2.6043264865875244, 1.6364408087456277, 1732894516189858034, 
1.6044046878814697, 2.6043264865875244, 1.6364410046469888, 1732894516291379439, 
1.6044046878814697, 2.6043264865875244, 1.63644070369096, 1732894516388774519, 
1.6044046878814697, 2.6043264865875244, 1.6364407286011053, 1732894516482254358, 
1.6044046878814697, 2.6043264865875244, 1.6364409389301198, 1732894516589875135, 
1.6044046878814697, 2.6043264865875244, 1.636440620811156, 1732894516689762470, 
1.6044046878814697, 2.6043264865875244, 1.6364401451976682, 1732894516790471697, 
1.6044046878814697, 2.6043264865875244, 1.6364398290723736, 1732894516900504203, 
1.6044046878814697, 2.6043264865875244, 1.6364401782939775, 1732894516989887039, 
1.6044046878814697, 2.6043264865875244, 1.6364405034109564, 1732894517090124199, 
1.6044046878814697, 2.6043264865875244, 1.6364403142103654, 1732894517190378695, 
1.6044046878814697, 2.6043264865875244, 1.6364406528209192, 1732894517300286962, 
1.6044046878814697, 2.6043264865875244, 1.6364404704227846, 1732894517389892316, 
1.6044046878814697, 2.6043264865875244, 1.6364404704227846, 1732894517489887771, 
1.6044046878814697, 2.6043264865875244, 1.6364404704227846, 1732894517599950623, 
1.6044046878814697, 2.6043264865875244, 1.6364405389703798, 1732894517699911120, 
1.6044046878814697, 2.6043264865875244, 1.6364405389703798, 1732894517789894773, 
1.6044046878814697, 2.6043264865875244, 1.6364405389703798, 1732894517889970629, 
1.6044046878814697, 2.6043264865875244, 1.6364405389703798, 1732894517999965810, 
1.6044046878814697, 2.6043264865875244, 1.6364405389703798, 1732894518100195658, 
1.6044046878814697, 2.6043264865875244, 1.6364405389703798, 1732894518190878290, 
1.6044046878814697, 2.6043264865875244, 1.6364405389703798, 1732894518310396997, 
1.6044046878814697, 2.6043264865875244, 1.6364405389703798, 1732894518400481803, 
1.6044046878814697, 2.6043264865875244, 1.6364405389703798, 1732894518499859901, 
1.6044046878814697, 2.6043264865875244, 1.6364405389703798, 1732894518590422840, 
1.6044046878814697, 2.6043264865875244, 1.6364405389703798, 1732894518690186141, 
1.6044046878814697, 2.6043264865875244, 1.6364405389703798, 1732894518800468356, 
1.6044046878814697, 2.6043264865875244, 1.6364405389703798, 1732894518899818781, 
1.6044046878814697, 2.6043264865875244, 1.6364405389703798, 1732894518990038727, 
1.6044046878814697, 2.6043264865875244, 1.6364405389703798, 1732894519090254304, 
1.6044046878814697, 2.6043264865875244, 1.6364405389703798, 1732894519200641328, 
1.6044046878814697, 2.6043264865875244, 1.6364405389703798, 1732894519299722951, 
1.6044046878814697, 2.6043264865875244, 1.6364405389703798, 1732894519390421896, 
1.6044045686721802, 2.6043264865875244, 1.636439746076747, 1732894519490039828, 
1.6044045686721802, 2.6043264865875244, 1.6364397278456206, 1732894519586114801, 
1.6044045686721802, 2.6043264865875244, 1.6364393856104391, 1732894519700022390, 
1.6044045686721802, 2.6043264865875244, 1.6364393934500887, 1732894519789936908, 
1.6044045686721802, 2.6043264865875244, 1.6364392224299404, 1732894519890069523, 
1.6044045686721802, 2.6043264865875244, 1.6364385324854287, 1732894519986762681, 
1.6044045686721802, 2.6043264865875244, 1.6364387053359424, 1732894520101156988, 
1.6044045686721802, 2.6043264865875244, 1.636438721521337, 1732894520189911381, 
1.6044045686721802, 2.6043264865875244, 1.636438559504358, 1732894520290355888, 
1.6044045686721802, 2.6043264865875244, 1.6364385914155464, 1732894520399905923, 
1.6044045686721802, 2.6043264865875244, 1.6364387555213087, 1732894520498137469, 
1.6044045686721802, 2.6043264865875244, 1.6364389272642916, 1732894520589918979, 
1.6044045686721802, 2.6043264865875244, 1.636438575413119, 1732894520691196811, 
1.6044045686721802, 2.6043264865875244, 1.636438731983151, 1732894520799916028, 
1.6044045686721802, 2.6043264865875244, 1.6364387076381912, 1732894520899136770, 
1.6044045686721802, 2.6043264865875244, 1.6364386877646788, 1732894520990929265, 
1.6044045686721802, 2.6043264865875244, 1.6364381430490653, 1732894521092304146, 
1.6044045686721802, 2.6043264865875244, 1.6364374029571798, 1732894521200936440, 
1.6044045686721802, 2.6043264865875244, 1.6364370299305797, 1732894521300500214, 
1.6044045686721802, 2.6043264865875244, 1.636436330932745, 1732894521390095554, 
1.6044045686721802, 2.6043264865875244, 1.6364363384932572, 1732894521490499879, 
1.6044045686721802, 2.6043264865875244, 1.6364361929729927, 1732894521601282458, 
1.6044045686721802, 2.6043264865875244, 1.6364361929729927, 1732894521700390697, 
1.6044045686721802, 2.6043264865875244, 1.6364357063990551, 1732894521790968680, 
1.6044045686721802, 2.6043264865875244, 1.6364357063990551, 1732894521889851149, 
1.6044045686721802, 2.6043264865875244, 1.6364357250536583, 1732894522002073836, 
1.6044045686721802, 2.6043264865875244, 1.6364357250536583, 1732894522099707514, 
1.6044045686721802, 2.6043264865875244, 1.6364357250536583, 1732894522190969631, 
1.6044045686721802, 2.6043264865875244, 1.6364357250536583, 1732894522290274545, 
1.6044045686721802, 2.6043264865875244, 1.6364357250536583, 1732894522389745476, 
1.6044045686721802, 2.6043264865875244, 1.6364357250536583, 1732894522500295921, 
1.6044045686721802, 2.6043264865875244, 1.6364357250536583, 1732894522591054256, 
1.6044045686721802, 2.6043264865875244, 1.6364357250536583, 1732894522689994430, 
1.6044045686721802, 2.6043264865875244, 1.6364357250536583, 1732894522800235594, 
1.6044045686721802, 2.6043264865875244, 1.6364357250536583, 1732894522900031302, 
1.6044045686721802, 2.6043264865875244, 1.636435970951411, 1732894522996273728, 
1.6044045686721802, 2.6043264865875244, 1.636435970951411, 1732894523090439614, 
1.6044045686721802, 2.6043264865875244, 1.636435970951411, 1732894523199718577, 
1.6044045686721802, 2.6043264865875244, 1.636435970951411, 1732894523300389862, 
1.6044045686721802, 2.6043264865875244, 1.636435970951411, 1732894523389720461, 
1.6044045686721802, 2.6043264865875244, 1.636435970951411, 1732894523511280976, 
1.6044045686721802, 2.6043264865875244, 1.636435970951411, 1732894523591453394, 
1.6044045686721802, 2.6043264865875244, 1.636435970951411, 1732894523700294623, 
1.6044045686721802, 2.6043264865875244, 1.636435970951411, 1732894523790569109, 
1.6044045686721802, 2.6043264865875244, 1.636435970951411, 1732894523890598819, 
1.6044045686721802, 2.6043264865875244, 1.636436078890877, 1732894524000300164, 
1.6044045686721802, 2.6043264865875244, 1.636436103387606, 1732894524099942302, 
1.6044045686721802, 2.6043264865875244, 1.6364361299362402, 1732894524189955976, 
1.6044045686721802, 2.6043264865875244, 1.6364358169477524, 1732894524289935319, 
1.6044045686721802, 2.6043264865875244, 1.6364357022144225, 1732894524387436828, 
1.6044045686721802, 2.6043264865875244, 1.6364357075205709, 1732894524501082653, 
1.6044045686721802, 2.6043264865875244, 1.6364356943428082, 1732894524589962130, 
1.6044045686721802, 2.6043264865875244, 1.636435686488646, 1732894524689866728, 
1.6044045686721802, 2.6043264865875244, 1.6364354857259105, 1732894524800384074, 
1.6044045686721802, 2.6043264865875244, 1.6364354600021422, 1732894524897957834, 
1.6044045686721802, 2.6043264865875244, 1.6364354444046494, 1732894524990957025, 
1.6044045686721802, 2.6043264865875244, 1.6364356094583243, 1732894525090881484, 
1.6044045686721802, 2.6043264865875244, 1.6364357712935653, 1732894525200980311, 
1.6044045686721802, 2.6043264865875244, 1.636435572118278, 1732894525299110446, 
1.6044045686721802, 2.6043264865875244, 1.636435729670155, 1732894525392037090, 
1.6044045686721802, 2.6043264865875244, 1.6364358842836255, 1732894525492881992, 
1.6044045686721802, 2.6043264865875244, 1.6364357036491028, 1732894525600808678, 
1.6044045686721802, 2.6043264865875244, 1.636435694501467, 1732894525700213068, 
1.6044045686721802, 2.6043264865875244, 1.6364355445622703, 1732894525790035094, 
1.6044045686721802, 2.6043264865875244, 1.6364348882679796, 1732894525890005609, 
1.6044045686721802, 2.6043264865875244, 1.6364347196832605, 1732894526001399023, 
1.6044045686721802, 2.6043264865875244, 1.6364347196832605, 1732894526099668141, 
1.6044045686721802, 2.6043264865875244, 1.6364344281522896, 1732894526190084922, 
1.6044045686721802, 2.6043264865875244, 1.6364340866265388, 1732894526289764274, 
1.6044045686721802, 2.6043264865875244, 1.6364340499112675, 1732894526402185657, 
1.6044045686721802, 2.6043264865875244, 1.636434037219151, 1732894526501465029, 
1.6044045686721802, 2.6043264865875244, 1.636434037219151, 1732894526591030710, 
1.6044045686721802, 2.6043264865875244, 1.636434037219151, 1732894526690055883, 
1.6044045686721802, 2.6043264865875244, 1.636434037219151, 1732894526800014809, 
1.6044045686721802, 2.6043264865875244, 1.636434037219151, 1732894526901181874, 
1.6044045686721802, 2.6043264865875244, 1.636434037219151, 1732894526991026272, 
1.6044045686721802, 2.6043264865875244, 1.636434037219151, 1732894527093604576, 
1.6044045686721802, 2.6043264865875244, 1.636434037219151, 1732894527201014980, 
1.6044045686721802, 2.6043264865875244, 1.636434037219151, 1732894527300304231, 
1.6044045686721802, 2.6043264865875244, 1.636434037219151, 1732894527391957455, 
1.6044045686721802, 2.6043264865875244, 1.636434037219151, 1732894527511150576, 
1.6044045686721802, 2.6043264865875244, 1.636434037219151, 1732894527600217854, 
1.6044045686721802, 2.6043264865875244, 1.636434037219151, 1732894527680425741, 
1.6044044494628906, 2.6043264865875244, 1.636432814946734, 1732894527795308147, 
1.6044044494628906, 2.6043264865875244, 1.6364319361895328, 1732894527887243044, 
1.6044044494628906, 2.6043264865875244, 1.6364317487963977, 1732894527986198877, 
1.6044044494628906, 2.6043264865875244, 1.636431695592036, 1732894528095469523, 
1.6044044494628906, 2.6043264865875244, 1.6364314687682875, 1732894528196609297, 
1.6044044494628906, 2.6043264865875244, 1.6364314455911804, 1732894528285764518, 
1.6044044494628906, 2.6043264865875244, 1.6364315612062525, 1732894528401357469, 
1.6044044494628906, 2.6043264865875244, 1.636431867871006, 1732894528501093124, 
1.6044044494628906, 2.6043264865875244, 1.6364318275131444, 1732894528591084840, 
1.6044044494628906, 2.6043264865875244, 1.6364317835808766, 1732894528690279029, 
1.6044044494628906, 2.6043264865875244, 1.6364311340668447, 1732894528801480255, 
1.6044044494628906, 2.6043264865875244, 1.636431263356869, 1732894528902064464, 
1.6044044494628906, 2.6043264865875244, 1.636431224388957, 1732894528991112866, 
1.6044044494628906, 2.6043264865875244, 1.6364311989521134, 1732894529091284591, 
1.6044044494628906, 2.6043264865875244, 1.6364313230255494, 1732894529200756257, 
1.6044044494628906, 2.6043264865875244, 1.6364311224928223, 1732894529298004474, 
1.6044044494628906, 2.6043264865875244, 1.6364311029876992, 1732894529391331872, 
1.6044044494628906, 2.6043264865875244, 1.636431086188666, 1732894529491203808, 
1.6044044494628906, 2.6043264865875244, 1.6364307274775303, 1732894529588991190, 
1.6044044494628906, 2.6043264865875244, 1.6364307288000595, 1732894529699513012, 
1.6044044494628906, 2.6043264865875244, 1.6364305582981666, 1732894529791108832, 
1.6044044494628906, 2.6043264865875244, 1.6364297029715824, 1732894529893330448, 
1.6044044494628906, 2.6043264865875244, 1.6364292052587683, 1732894530003115221, 
1.6044044494628906, 2.6043264865875244, 1.636429051133804, 1732894530101231193, 
1.6044044494628906, 2.6043264865875244, 1.6364288772219402, 1732894530191110791, 
1.6044044494628906, 2.6043264865875244, 1.6364288967498999, 1732894530290894681, 
1.6044044494628906, 2.6043264865875244, 1.6364289144463489, 1732894530401421335, 
1.6044044494628906, 2.6043264865875244, 1.6364289227566005, 1732894530431415918, 
1.6044044494628906, 2.6043264865875244, 1.6364289728156702, 1732894530591131283, 
1.6044044494628906, 2.6043264865875244, 1.6364289872030702, 1732894530691272852, 
1.6044044494628906, 2.6043264865875244, 1.6364289859785015, 1732894530801916837, 
1.6044044494628906, 2.6043264865875244, 1.6364289859785015, 1732894530901146991, 
1.6044044494628906, 2.6043264865875244, 1.6364289859785015, 1732894530991382965, 
1.6044044494628906, 2.6043264865875244, 1.6364289859785015, 1732894531091381891, 
1.6044044494628906, 2.6043264865875244, 1.6364289859785015, 1732894531191633597, 
1.6044044494628906, 2.6043264865875244, 1.6364289859785015, 1732894531300726369, 
1.6044044494628906, 2.6043264865875244, 1.6364289859785015, 1732894531391110272, 
1.6044044494628906, 2.6043264865875244, 1.6364289859785015, 1732894531511110458, 
1.6044044494628906, 2.6043264865875244, 1.6364289859785015, 1732894531601531298, 
1.6044044494628906, 2.6043264865875244, 1.6364289859785015, 1732894531701628336, 
1.6044044494628906, 2.6043264865875244, 1.6364289859785015, 1732894531791190389, 
1.6044044494628906, 2.6043264865875244, 1.6364289859785015, 1732894531910872027, 
1.6044044494628906, 2.6043264865875244, 1.6364289859785015, 1732894532001370210, 
1.6044044494628906, 2.6043264865875244, 1.6364289859785015, 1732894532101432713, 
1.6044044494628906, 2.6043264865875244, 1.6364289859785015, 1732894532190785690, 
1.6044044494628906, 2.6043264865875244, 1.6364289859785015, 1732894532291575344, 
1.6044044494628906, 2.6043264865875244, 1.6364289859785015, 1732894532401309685, 
1.6044044494628906, 2.6043264865875244, 1.6364289859785015, 1732894532500843997, 
1.6044044494628906, 2.6043264865875244, 1.6364289859785015, 1732894532591376505, 
1.6044044494628906, 2.6043264865875244, 1.6364289859785015, 1732894532690833978, 
1.6044044494628906, 2.6043264865875244, 1.6364289859785015, 1732894532792310186, 
1.6044044494628906, 2.6043264865875244, 1.6364289859785015, 1732894532901202338, 
1.6044045686721802, 2.6043264865875244, 1.6364300913279592, 1732894532991265798, 
1.6044045686721802, 2.6043264865875244, 1.6364303936878724, 1732894533091342183, 
1.6044045686721802, 2.6043264865875244, 1.6364299891105978, 1732894533200960150, 
1.6044045686721802, 2.6043264865875244, 1.636429983178024, 1732894533302032318, 
1.6044045686721802, 2.6043264865875244, 1.636429636698536, 1732894533391378973, 
1.6044045686721802, 2.6043264865875244, 1.63642963249475, 1732894533491210265, 
1.6044045686721802, 2.6043264865875244, 1.6364285953319448, 1732894533588563434, 
1.6044045686721802, 2.6043264865875244, 1.6364284108789757, 1732894533698322982, 
1.6044045686721802, 2.6043264865875244, 1.6364280455667333, 1732894533791321783, 
1.6044045686721802, 2.6043264865875244, 1.6364276948014866, 1732894533891230481, 
1.6044045686721802, 2.6043264865875244, 1.6364276848784405, 1732894534000844695, 
1.6044045686721802, 2.6043264865875244, 1.6364274903717708, 1732894534081606466, 
1.6044045686721802, 2.6043264865875244, 1.6364269545876509, 1732894534191447855, 
1.6044045686721802, 2.6043264865875244, 1.6364270868130633, 1732894534292222350, 
1.6044045686721802, 2.6043264865875244, 1.6364268644363995, 1732894534390073458, 
1.6044045686721802, 2.6043264865875244, 1.6364265040576895, 1732894534500030936, 
1.6044045686721802, 2.6043264865875244, 1.6364266601068174, 1732894534591197375, 
1.6044045686721802, 2.6043264865875244, 1.6364266421935776, 1732894534691436841, 
1.6044045686721802, 2.6043264865875244, 1.6364266170219852, 1732894534800979826, 
1.6044045686721802, 2.6043264865875244, 1.6364265825203612, 1732894534901505255, 
1.6044045686721802, 2.6043264865875244, 1.6364267180662404, 1732894534991401257, 
1.6044045686721802, 2.6043264865875244, 1.6364266690790374, 1732894535091321518, 
1.6044045686721802, 2.6043264865875244, 1.6364266312303837, 1732894535201961736, 
1.6044045686721802, 2.6043264865875244, 1.6364268004300844, 1732894535300728052, 
1.6044045686721802, 2.6043264865875244, 1.6364268004300844, 1732894535391357640, 
1.6044045686721802, 2.6043264865875244, 1.6364268004300844, 1732894535491139804, 
1.6044045686721802, 2.6043264865875244, 1.6364268863151703, 1732894535591744985, 
1.6044045686721802, 2.6043264865875244, 1.6364268863151703, 1732894535700962725, 
1.6044045686721802, 2.6043264865875244, 1.6364268863151703, 1732894535791356861, 
1.6044045686721802, 2.6043264865875244, 1.6364268863151703, 1732894535891215302, 
1.6044045686721802, 2.6043264865875244, 1.6364268863151703, 1732894536001055714, 
1.6044045686721802, 2.6043264865875244, 1.6364268863151703, 1732894536101894404, 
1.6044045686721802, 2.6043264865875244, 1.6364268863151703, 1732894536192443792, 
1.6044045686721802, 2.6043264865875244, 1.6364268863151703, 1732894536310986628, 
1.6044045686721802, 2.6043264865875244, 1.6364268863151703, 1732894536400837384, 
1.6044045686721802, 2.6043264865875244, 1.6364268863151703, 1732894536500846651, 
1.6044045686721802, 2.6043264865875244, 1.6364268863151703, 1732894536591283696, 
1.6044045686721802, 2.6043264865875244, 1.6364268863151703, 1732894536691462949, 
1.6044045686721802, 2.6043264865875244, 1.6364268863151703, 1732894536792166166, 
1.6044045686721802, 2.6043264865875244, 1.6364268863151703, 1732894536900843869, 
1.6044045686721802, 2.6043264865875244, 1.6364268863151703, 1732894536991531225, 
1.6044045686721802, 2.6043264865875244, 1.6364268863151703, 1732894537090839311, 
1.6044045686721802, 2.6043264865875244, 1.6364268863151703, 1732894537201100392, 
1.6044045686721802, 2.6043264865875244, 1.6364268863151703, 1732894537301114038, 
1.6044045686721802, 2.6043264865875244, 1.6364268842951313, 1732894537391218173, 
1.6044045686721802, 2.6043264865875244, 1.6364268842951313, 1732894537491198090, 
1.6044045686721802, 2.6043264865875244, 1.6364266130125196, 1732894537601018847, 
1.6044045686721802, 2.6043264865875244, 1.6364265614053544, 1732894537702224301, 
1.6044045686721802, 2.6043264865875244, 1.6364266803322929, 1732894537791232379, 
1.6044045686721802, 2.6043264865875244, 1.636426624968896, 1732894537891482249, 
1.6044045686721802, 2.6043264865875244, 1.6364262019479172, 1732894538000719614, 
1.6044045686721802, 2.6043264865875244, 1.6364263476627623, 1732894538101712039, 
1.6044045686721802, 2.6043264865875244, 1.6364261648228056, 1732894538191278259, 
1.6044045686721802, 2.6043264865875244, 1.6364261781592315, 1732894538291516570, 
1.6044045686721802, 2.6043264865875244, 1.6364262044753775, 1732894538388904926, 
1.6044045686721802, 2.6043264865875244, 1.6364265941843454, 1732894538498770698, 
1.6044045686721802, 2.6043264865875244, 1.636426456762338, 1732894538592251563, 
1.6044045686721802, 2.6043264865875244, 1.636426304133245, 1732894538692217689, 
1.6044045686721802, 2.6043264865875244, 1.6364263409013322, 1732894538789742377, 
1.6044045686721802, 2.6043264865875244, 1.636426376043187, 1732894538900235110, 
1.6044045686721802, 2.6043264865875244, 1.636426404582173, 1732894538992486048, 
1.6044045686721802, 2.6043264865875244, 1.6364262740998519, 1732894539093612775, 
1.6044045686721802, 2.6043264865875244, 1.6364254471758763, 1732894539202393631, 
1.6044045686721802, 2.6043264865875244, 1.6364256641492227, 1732894539300773576, 
1.6044045686721802, 2.6043264865875244, 1.6364255144105542, 1732894539391284953, 
1.6044045686721802, 2.6043264865875244, 1.636425905759618, 1732894539491332478, 
1.6044045686721802, 2.6043264865875244, 1.6364257520030796, 1732894539602472319, 
1.6044045686721802, 2.6043264865875244, 1.6364257520030796, 1732894539681970634, 
1.6044045686721802, 2.6043264865875244, 1.6364257520030796, 1732894539792327844, 
1.6044045686721802, 2.6043264865875244, 1.6364257520030796, 1732894539891568104, 
1.6044045686721802, 2.6043264865875244, 1.6364258922467867, 1732894539991490670, 
1.6044045686721802, 2.6043264865875244, 1.6364258922467867, 1732894540081261721, 
1.6044045686721802, 2.6043264865875244, 1.6364258922467867, 1732894540192280331, 
1.6044045686721802, 2.6043264865875244, 1.6364258922467867, 1732894540291376351, 
1.6044045686721802, 2.6043264865875244, 1.6364258922467867, 1732894540392467081, 
1.6044045686721802, 2.6043264865875244, 1.6364258922467867, 1732894540501324634, 
1.6044045686721802, 2.6043264865875244, 1.6364258922467867, 1732894540592646136, 
1.6044045686721802, 2.6043264865875244, 1.6364258922467867, 1732894540711330950, 
1.6044045686721802, 2.6043264865875244, 1.6364258922467867, 1732894540801461913, 
1.6044045686721802, 2.6043264865875244, 1.6364258922467867, 1732894540901479253, 
1.6044045686721802, 2.6043264865875244, 1.6364258922467867, 1732894540992098058, 
1.6044045686721802, 2.6043264865875244, 1.6364258922467867, 1732894541091185201, 
1.6044045686721802, 2.6043264865875244, 1.6364258922467867, 1732894541192637822, 
1.6044045686721802, 2.6043264865875244, 1.6364258922467867, 1732894541301454011, 
1.6044045686721802, 2.6043264865875244, 1.6364258922467867, 1732894541391768067, 
1.6044045686721802, 2.6043264865875244, 1.636424905584284, 1732894541487434065, 
1.6044045686721802, 2.6043264865875244, 1.6364250381822605, 1732894541606003127, 
1.6044045686721802, 2.6043264865875244, 1.6364248413722629, 1732894541695786842, 
1.6044045686721802, 2.6043264865875244, 1.636424506543442, 1732894541797366804, 
1.6044045686721802, 2.6043264865875244, 1.6364247026865824, 1732894541886596559, 
1.6044045686721802, 2.6043264865875244, 1.6364247668863603, 1732894541987323363, 
1.6044045686721802, 2.6043264865875244, 1.6364251491403319, 1732894542102388150, 
1.6044045686721802, 2.6043264865875244, 1.6364246934288451, 1732894542192504313, 
1.6044045686721802, 2.6043264865875244, 1.63642476809632, 1732894542291396184, 
1.6044045686721802, 2.6043264865875244, 1.636425043573853, 1732894542388385621, 
1.6044045686721802, 2.6043264865875244, 1.6364249103597646, 1732894542503528289, 
1.6044045686721802, 2.6043264865875244, 1.6364249503571429, 1732894542592347445, 
1.6044045686721802, 2.6043264865875244, 1.6364249879571826, 1732894542691447156, 
1.6044045686721802, 2.6043264865875244, 1.6364250948338934, 1732894542788900135, 
1.6044045686721802, 2.6043264865875244, 1.6364251668099892, 1732894542899325813, 
1.6044045686721802, 2.6043264865875244, 1.6364252243326245, 1732894542992333251, 
1.6044045686721802, 2.6043264865875244, 1.6364254597821886, 1732894543092432540, 
1.6044045686721802, 2.6043264865875244, 1.6364257162112432, 1732894543189655578, 
1.6044045686721802, 2.6043264865875244, 1.6364258000011893, 1732894543299163439, 
1.6044045686721802, 2.6043264865875244, 1.6364255131899719, 1732894543393343929, 
1.6044045686721802, 2.6043264865875244, 1.636425405426961, 1732894543494616937, 
1.6044045686721802, 2.6043264865875244, 1.6364254809243497, 1732894543602126589, 
1.6044045686721802, 2.6043264865875244, 1.6364255245939323, 1732894543701538465, 
1.6044045686721802, 2.6043264865875244, 1.6364255632866533, 1732894543792490298, 
1.6044045686721802, 2.6043264865875244, 1.6364256228147087, 1732894543891289930, 
1.6044045686721802, 2.6043264865875244, 1.636425618241008, 1732894544001684383, 
1.6044045686721802, 2.6043264865875244, 1.6364256151695096, 1732894544101215969, 
1.6044045686721802, 2.6043264865875244, 1.6364257474869341, 1732894544192375969, 
1.6044045686721802, 2.6043264865875244, 1.6364258686662683, 1732894544292648420, 
1.6044045686721802, 2.6043264865875244, 1.636425859507801, 1732894544352425268, 
1.6044045686721802, 2.6043264865875244, 1.636425834297218, 1732894544432434983, 
1.6044045686721802, 2.6043264865875244, 1.636425834297218, 1732894544552350172, 
1.6044045686721802, 2.6043264865875244, 1.636425834297218, 1732894544642395621, 
1.6044045686721802, 2.6043264865875244, 1.636425834297218, 1732894544741608297, 
1.6044045686721802, 2.6043264865875244, 1.636425834297218, 1732894544901347805, 
1.6044045686721802, 2.6043264865875244, 1.636425834297218, 1732894544992409640, 
1.6044045686721802, 2.6043264865875244, 1.636425834297218, 1732894545090760827, 
1.6044045686721802, 2.6043264865875244, 1.636425834297218, 1732894545201237515, 
1.6044045686721802, 2.6043264865875244, 1.636425834297218, 1732894545301960387, 
1.6044045686721802, 2.6043264865875244, 1.636425834297218, 1732894545392017324, 
1.6044045686721802, 2.6043264865875244, 1.636425834297218, 1732894545492341582, 
1.6044045686721802, 2.6043264865875244, 1.636425834297218, 1732894545602254107, 
1.6044045686721802, 2.6043264865875244, 1.636425834297218, 1732894545702304898, 
1.6044045686721802, 2.6043264865875244, 1.636425834297218, 1732894545793481744, 
1.6044045686721802, 2.6043264865875244, 1.636425834297218, 1732894545892063922, 
1.6044045686721802, 2.6043264865875244, 1.636425834297218, 1732894546002479593, 
1.6044045686721802, 2.6043264865875244, 1.636425834297218, 1732894546102607223, 
1.6044045686721802, 2.6043264865875244, 1.636425834297218, 1732894546192386744, 
1.6044045686721802, 2.6043264865875244, 1.636425834297218, 1732894546292343530, 
1.6044045686721802, 2.6043264865875244, 1.6364255196726487, 1732894546387136505, 
1.6044045686721802, 2.6043264865875244, 1.6364253595334093, 1732894546502499751, 
1.6044045686721802, 2.6043264865875244, 1.6364251885461514, 1732894546592385043, 
1.6044045686721802, 2.6043264865875244, 1.6364241693349502, 1732894546691329405, 
1.6044045686721802, 2.6043264865875244, 1.636424054306879, 1732894546801711347, 
1.6044045686721802, 2.6043264865875244, 1.6364241045411343, 1732894546902994528, 
1.6044045686721802, 2.6043264865875244, 1.6364236338038363, 1732894546992453657, 
1.6044045686721802, 2.6043264865875244, 1.6364236668819572, 1732894547092338661, 
1.6044045686721802, 2.6043264865875244, 1.6364235299960677, 1732894547202169251, 
1.6044045686721802, 2.6043264865875244, 1.6364235255405137, 1732894547298728708, 
1.6044045686721802, 2.6043264865875244, 1.6364236801677368, 1732894547348462636, 
1.6044045686721802, 2.6043264865875244, 1.636423668659013, 1732894547442415204, 
1.6044045686721802, 2.6043264865875244, 1.636423649639851, 1732894547540517422, 
1.6044045686721802, 2.6043264865875244, 1.6364236219126975, 1732894547632430684, 
1.6044045686721802, 2.6043264865875244, 1.6364237523892462, 1732894547699863421, 
1.6044045686721802, 2.6043264865875244, 1.6364237235030756, 1732894547750508652, 
1.6044045686721802, 2.6043264865875244, 1.6364237050286865, 1732894547793424527, 
1.6044045686721802, 2.6043264865875244, 1.636423648669802, 1732894547894332234, 
1.6044045686721802, 2.6043264865875244, 1.6364235889371714, 1732894547941523868, 
1.6044045686721802, 2.6043264865875244, 1.6364237226972813, 1732894548004301021, 
1.6044045686721802, 2.6043264865875244, 1.6364231807905194, 1732894548033148203, 
1.6044045686721802, 2.6043264865875244, 1.6364224387898796, 1732894548100752734, 
1.6044045686721802, 2.6043264865875244, 1.6364224021856832, 1732894548152456790, 
1.6044045686721802, 2.6043264865875244, 1.6364222338708052, 1732894548192583494, 
1.6044045686721802, 2.6043264865875244, 1.6364222102297452, 1732894548242406529, 
1.6044045686721802, 2.6043264865875244, 1.6364223745786564, 1732894548292354760, 
1.6044045686721802, 2.6043264865875244, 1.6364225336399036, 1732894548342537708, 
1.6044045686721802, 2.6043264865875244, 1.6364223533269595, 1732894548431764183, 
1.6044045686721802, 2.6043264865875244, 1.6364223334101755, 1732894548552476078, 
1.6044045686721802, 2.6043264865875244, 1.6364223216860498, 1732894548642435369, 
1.6044045686721802, 2.6043264865875244, 1.6364223349230862, 1732894548742434089, 
1.6044045686721802, 2.6043264865875244, 1.6364221210630128, 1732894550287844729, 
1.6044045686721802, 2.6043264865875244, 1.6364221061542716, 1732894550387056135, 
1.6044045686721802, 2.6043264865875244, 1.636422100527545, 1732894550497083156, 
1.6044045686721802, 2.6043264865875244, 1.6364221248812663, 1732894550597570678, 
1.6044045686721802, 2.6043264865875244, 1.6364221248812663, 1732894550692407734, 
1.6044045686721802, 2.6043264865875244, 1.6364221248812663, 1732894550802313601, 
1.6044045686721802, 2.6043264865875244, 1.636422218586648, 1732894550901750291, 
1.6044045686721802, 2.6043264865875244, 1.6364222286729646, 1732894550992455995, 
1.6044045686721802, 2.6043264865875244, 1.6364222357146738, 1732894551092413174, 
1.6044045686721802, 2.6043264865875244, 1.6364222516946398, 1732894551202164980, 
1.6044045686721802, 2.6043264865875244, 1.6364222624785985, 1732894551303555373, 
1.6044045686721802, 2.6043264865875244, 1.6364224352439516, 1732894551392537430, 
1.6044045686721802, 2.6043264865875244, 1.6364224373695462, 1732894551492424402, 
1.6044045686721802, 2.6043264865875244, 1.636422436875844, 1732894551602694176, 
1.6044045686721802, 2.6043264865875244, 1.6364221034100486, 1732894551698843191, 
1.6044045686721802, 2.6043264865875244, 1.6364221209244665, 1732894551792490521, 
1.6044045686721802, 2.6043264865875244, 1.6364219664739257, 1732894551892442354, 
1.6044045686721802, 2.6043264865875244, 1.6364224704271066, 1732894551990488471, 
1.6044045686721802, 2.6043264865875244, 1.6364224634205786, 1732894552100186891, 
1.6044045686721802, 2.6043264865875244, 1.6364224584733837, 1732894552192556891, 
1.6044045686721802, 2.6043264865875244, 1.6364226003530276, 1732894552293444160, 
1.6044045686721802, 2.6043264865875244, 1.6364225763802793, 1732894552403873480, 
1.6044045686721802, 2.6043264865875244, 1.6364224072180926, 1732894552501266288, 
1.6044045686721802, 2.6043264865875244, 1.6364220615536393, 1732894552592493976, 
1.6044045686721802, 2.6043264865875244, 1.636422049573276, 1732894552691737929, 
1.6044045686721802, 2.6043264865875244, 1.6364213384253379, 1732894552791702799, 
1.6044045686721802, 2.6043264865875244, 1.636420606725456, 1732894552902104856, 
1.6044045686721802, 2.6043264865875244, 1.636420605116559, 1732894552992512829, 
1.6044045686721802, 2.6043264865875244, 1.6364208019323372, 1732894553092450015, 
1.6044045686721802, 2.6043264865875244, 1.6364208408356098, 1732894553202754515, 
1.6044045686721802, 2.6043264865875244, 1.6364208408356098, 1732894553283269074, 
1.6044045686721802, 2.6043264865875244, 1.6364208408356098, 1732894553392493931, 
1.6044045686721802, 2.6043264865875244, 1.6364208408356098, 1732894553492497692, 
1.6044045686721802, 2.6043264865875244, 1.6364210846631417, 1732894553601743868, 
1.6044045686721802, 2.6043264865875244, 1.6364210846631417, 1732894553701975939, 
1.6044045686721802, 2.6043264865875244, 1.6364210846631417, 1732894553791836010, 
1.6044045686721802, 2.6043264865875244, 1.6364210846631417, 1732894553892379527, 
1.6044045686721802, 2.6043264865875244, 1.6364210846631417, 1732894554002593584, 
1.6044045686721802, 2.6043264865875244, 1.6364210846631417, 1732894554102557949, 
1.6044045686721802, 2.6043264865875244, 1.6364210846631417, 1732894554192697177, 
1.6044045686721802, 2.6043264865875244, 1.6364210846631417, 1732894554292076694, 
1.6044045686721802, 2.6043264865875244, 1.6364210846631417, 1732894554402556575, 
1.6044045686721802, 2.6043264865875244, 1.6364210846631417, 1732894554501792482, 
1.6044045686721802, 2.6043264865875244, 1.6364210846631417, 1732894554592280728, 
1.6044045686721802, 2.6043264865875244, 1.6364210846631417, 1732894554692315846, 
1.6044045686721802, 2.6043264865875244, 1.6364210846631417, 1732894554802094147, 
1.6044045686721802, 2.6043264865875244, 1.636420854773952, 1732894554897512693, 
1.6044045686721802, 2.6043264865875244, 1.6364206417438178, 1732894554997565930, 
1.6044045686721802, 2.6043264865875244, 1.6364204434595555, 1732894555087464924, 
1.6044045686721802, 2.6043264865875244, 1.6364203781596982, 1732894555206883844, 
1.6044045686721802, 2.6043264865875244, 1.6364199838679123, 1732894555296787651, 
1.6044045686721802, 2.6043264865875244, 1.6364199604336955, 1732894555397530563, 
1.6044045686721802, 2.6043264865875244, 1.6364200454537927, 1732894555491692285, 
1.6044045686721802, 2.6043264865875244, 1.6364199144336875, 1732894555601901643, 
1.6044045686721802, 2.6043264865875244, 1.6364198441049338, 1732894555702702081, 
1.6044045686721802, 2.6043264865875244, 1.6364194431474712, 1732894555792551868, 
1.6044045686721802, 2.6043264865875244, 1.6364195725450517, 1732894555892504539, 
1.6044045686721802, 2.6043264865875244, 1.6364195183394592, 1732894556002304172, 
1.6044045686721802, 2.6043264865875244, 1.6364195081429276, 1732894556103057187, 
1.6044045686721802, 2.6043264865875244, 1.6364195056347475, 1732894556192570000, 
1.6044045686721802, 2.6043264865875244, 1.6364194986870635, 1732894556291672685, 
1.6044045686721802, 2.6043264865875244, 1.636419483440304, 1732894556402139275, 
1.6044045686721802, 2.6043264865875244, 1.636419468842994, 1732894556481802564, 
1.6044045686721802, 2.6043264865875244, 1.6364185628592591, 1732894556592556866, 
1.6044045686721802, 2.6043264865875244, 1.6364186998363945, 1732894556693027679, 
1.6044045686721802, 2.6043264865875244, 1.6364181642354338, 1732894556790708680, 
1.6044045686721802, 2.6043264865875244, 1.6364179767009956, 1732894556901326569, 
1.6044045686721802, 2.6043264865875244, 1.636417997379471, 1732894556994612255, 
1.6044045686721802, 2.6043264865875244, 1.6364180277967046, 1732894557092535991, 
1.6044045686721802, 2.6043264865875244, 1.6364179154867884, 1732894557203210748, 
1.6044045686721802, 2.6043264865875244, 1.6364178248385195, 1732894557302638060, 
1.6044045686721802, 2.6043264865875244, 1.636418018275732, 1732894557392596492, 
1.6044045686721802, 2.6043264865875244, 1.6364179785839372, 1732894557492532293, 
1.6044045686721802, 2.6043264865875244, 1.636418007061174, 1732894557591913101, 
1.6044045686721802, 2.6043264865875244, 1.6364179056814803, 1732894557702354164, 
1.6044045686721802, 2.6043264865875244, 1.636418111537603, 1732894557792718685, 
1.6044045686721802, 2.6043264865875244, 1.6364180000279969, 1732894557892547588, 
1.6044045686721802, 2.6043264865875244, 1.6364177799478217, 1732894558002296475, 
1.6044045686721802, 2.6043264865875244, 1.6364177799478217, 1732894558102572091, 
1.6044045686721802, 2.6043264865875244, 1.6364177799478217, 1732894558192578276, 
1.6044045686721802, 2.6043264865875244, 1.6364177799478217, 1732894558291737964, 
1.6044045686721802, 2.6043264865875244, 1.6364177799478217, 1732894558403482701, 
1.6044045686721802, 2.6043264865875244, 1.6364177799478217, 1732894558501903537, 
1.6044045686721802, 2.6043264865875244, 1.6364177799478217, 1732894558592702734, 
1.6044045686721802, 2.6043264865875244, 1.6364177799478217, 1732894558692457082, 
1.6044045686721802, 2.6043264865875244, 1.6364177799478217, 1732894558793246913, 
1.6044045686721802, 2.6043264865875244, 1.6364177799478217, 1732894558901961368, 
1.6044045686721802, 2.6043264865875244, 1.6364179646284902, 1732894558999383143, 
1.6044045686721802, 2.6043264865875244, 1.63641790701013, 1732894559088238564, 
1.6044045686721802, 2.6043264865875244, 1.6364171720877183, 1732894559205735948, 
1.6044045686721802, 2.6043264865875244, 1.6364171563230996, 1732894559297055254, 
1.6044045686721802, 2.6043264865875244, 1.636417153243188, 1732894559393058515, 
1.6044045686721802, 2.6043264865875244, 1.636417153243188, 1732894559492594354, 
1.6044045686721802, 2.6043264865875244, 1.636417153243188, 1732894559593988533, 
1.6044045686721802, 2.6043264865875244, 1.636417153243188, 1732894559702624207, 
1.6044045686721802, 2.6043264865875244, 1.636417153243188, 1732894559792655920, 
1.6044045686721802, 2.6043264865875244, 1.636417153243188, 1732894559892566834, 
1.6044045686721802, 2.6043264865875244, 1.6364176876570808, 1732894559988191253, 
1.6044045686721802, 2.6043264865875244, 1.636417720637951, 1732894560103264128, 
1.6044045686721802, 2.6043264865875244, 1.636417771856056, 1732894560192849412, 
1.6044045686721802, 2.6043264865875244, 1.6364179886373214, 1732894560292609016, 
1.6044045686721802, 2.6043264865875244, 1.6364172142223312, 1732894560401821268, 
1.6044045686721802, 2.6043264865875244, 1.6364173865983447, 1732894560504306424, 
1.6044045686721802, 2.6043264865875244, 1.636417382886645, 1732894560593637081, 
1.6044045686721802, 2.6043264865875244, 1.6364171966332934, 1732894560692152716, 
1.6044045686721802, 2.6043264865875244, 1.6364163115672459, 1732894560801872413, 
1.6044045686721802, 2.6043264865875244, 1.636415777876964, 1732894560882622966, 
1.6044045686721802, 2.6043264865875244, 1.636416095693694, 1732894560992922314, 
1.6044045686721802, 2.6043264865875244, 1.636416076032807, 1732894561093606706, 
1.6044045686721802, 2.6043264865875244, 1.6364156860936436, 1732894561203316602, 
1.6044045686721802, 2.6043264865875244, 1.6364156482544328, 1732894561301648907, 
1.6044045686721802, 2.6043264865875244, 1.6364157900826988, 1732894561393751658, 
1.6044045686721802, 2.6043264865875244, 1.6364157696327029, 1732894561495597238, 
1.6044045686721802, 2.6043264865875244, 1.6364157254444531, 1732894561592364150, 
1.6044045686721802, 2.6043264865875244, 1.6364149946092126, 1732894561702329270, 
1.6044045686721802, 2.6043264865875244, 1.6364151326391378, 1732894561792955752, 
1.6044045686721802, 2.6043264865875244, 1.6364149347753578, 1732894561892599562, 
1.6044045686721802, 2.6043264865875244, 1.63641386146368, 1732894562003645460, 
1.6044045686721802, 2.6043264865875244, 1.6364133318618144, 1732894562082832869, 
1.6044045686721802, 2.6043264865875244, 1.6364138127094043, 1732894562192833558, 
1.6044045686721802, 2.6043264865875244, 1.636413778260199, 1732894562292817333, 
1.6044045686721802, 2.6043264865875244, 1.6364137520973934, 1732894562404487009, 
1.6044045686721802, 2.6043264865875244, 1.6364137520973934, 1732894562503270251, 
1.6044045686721802, 2.6043264865875244, 1.6364137520973934, 1732894562592683938, 
1.6044045686721802, 2.6043264865875244, 1.6364135999040508, 1732894562693139439, 
1.6044045686721802, 2.6043264865875244, 1.6364135999040508, 1732894562803634858, 
1.6044045686721802, 2.6043264865875244, 1.6364135999040508, 1732894562902185755, 
1.6044045686721802, 2.6043264865875244, 1.6364135999040508, 1732894562993201360, 
1.6044045686721802, 2.6043264865875244, 1.6364135999040508, 1732894563092166647, 
1.6044045686721802, 2.6043264865875244, 1.6364135999040508, 1732894563203061060, 
1.6044045686721802, 2.6043264865875244, 1.6364135999040508, 1732894563302716884, 
1.6044045686721802, 2.6043264865875244, 1.6364135999040508, 1732894563393883086, 
1.6044045686721802, 2.6043264865875244, 1.6364135999040508, 1732894563492975479, 
1.6044045686721802, 2.6043264865875244, 1.6364135999040508, 1732894563603017947, 
1.6044046878814697, 2.6043264865875244, 1.6364144007576695, 1732894563698960489, 
1.6044046878814697, 2.6043264865875244, 1.6364147520935666, 1732894563796685010, 
1.6044046878814697, 2.6043264865875244, 1.6364149168633497, 1732894563888635285, 
1.6044046878814697, 2.6043264865875244, 1.6364147239707505, 1732894564008186847, 
1.6044046878814697, 2.6043264865875244, 1.6364148584051383, 1732894564098262508, 
1.6044046878814697, 2.6043264865875244, 1.636414848023973, 1732894564192769283, 
1.6044046878814697, 2.6043264865875244, 1.636414848023973, 1732894564293643354, 
1.6044046878814697, 2.6043264865875244, 1.636414560046248, 1732894564403555904, 
1.6044046878814697, 2.6043264865875244, 1.6364138230543956, 1732894564503023363, 
1.6044046878814697, 2.6043264865875244, 1.636413276936534, 1732894564592758500, 
1.6044046878814697, 2.6043264865875244, 1.636413597424241, 1732894564693646819, 
1.6044046878814697, 2.6043264865875244, 1.6364138790487512, 1732894564803037102, 
1.6044046878814697, 2.6043264865875244, 1.6364145281607594, 1732894564903672588, 
1.6044046878814697, 2.6043264865875244, 1.6364144852246048, 1732894564992703789, 
1.6044046878814697, 2.6043264865875244, 1.636414272195867, 1732894565092679508, 
1.6044046878814697, 2.6043264865875244, 1.6364147156194009, 1732894565203775441, 
1.6044046878814697, 2.6043264865875244, 1.6364143033888263, 1732894565300484143, 
1.6044046878814697, 2.6043264865875244, 1.6364142396473886, 1732894565392714478, 
1.6044046878814697, 2.6043264865875244, 1.6364135148316248, 1732894565492681091, 
1.6044046878814697, 2.6043264865875244, 1.6364127668117474, 1732894565603648114, 
1.6044046878814697, 2.6043264865875244, 1.6364122499175884, 1732894565701129918, 
1.6044046878814697, 2.6043264865875244, 1.6364119001856932, 1732894565793358469, 
1.6044046878814697, 2.6043264865875244, 1.6364114090361397, 1732894565894655720, 
1.6044046878814697, 2.6043264865875244, 1.636411254036975, 1732894566004674146, 
1.6044046878814697, 2.6043264865875244, 1.636411092596866, 1732894566103285900, 
1.6044046878814697, 2.6043264865875244, 1.6364112666197295, 1732894566192862707, 
1.6044046878814697, 2.6043264865875244, 1.6364107465483593, 1732894566242851846, 
1.6044046878814697, 2.6043264865875244, 1.636410408967476, 1732894566342857823, 
1.6044046878814697, 2.6043264865875244, 1.6364097296408293, 1732894566483390747, 
1.6044046878814697, 2.6043264865875244, 1.6364094152405895, 1732894566593059976, 
1.6044046878814697, 2.6043264865875244, 1.6364094316230744, 1732894566643835042, 
1.6044046878814697, 2.6043264865875244, 1.6364096483252888, 1732894566742834456, 
1.6044046878814697, 2.6043264865875244, 1.6364096483252888, 1732894566903399081, 
1.6044046878814697, 2.6043264865875244, 1.6364096483252888, 1732894566992988754, 
1.6044046878814697, 2.6043264865875244, 1.6364096483252888, 1732894567042931274, 
1.6044046878814697, 2.6043264865875244, 1.6364097091528045, 1732894567203299701, 
1.6044046878814697, 2.6043264865875244, 1.6364097091528045, 1732894567282771637, 
1.6044046878814697, 2.6043264865875244, 1.6364097091528045, 1732894567352756028, 
1.6044046878814697, 2.6043264865875244, 1.6364097091528045, 1732894567492895387, 
1.6044046878814697, 2.6043264865875244, 1.6364097091528045, 1732894567603269547, 
1.6044046878814697, 2.6043264865875244, 1.6364097091528045, 1732894567634643180, 
1.6044046878814697, 2.6043264865875244, 1.6364097091528045, 1732894567793490213, 
1.6044046878814697, 2.6043264865875244, 1.6364097091528045, 1732894567893148588, 
1.6044046878814697, 2.6043264865875244, 1.6364097091528045, 1732894568003209936, 
1.6044046878814697, 2.6043264865875244, 1.6364097091528045, 1732894568032868349, 
1.6044046878814697, 2.6043264865875244, 1.6364097091528045, 1732894568193069114, 
1.6044046878814697, 2.6043264865875244, 1.6364097091528045, 1732894568292758709, 
1.6044046878814697, 2.6043264865875244, 1.6364097091528045, 1732894568342768906, 
1.6044046878814697, 2.6043264865875244, 1.6364097091528045, 1732894568503082463, 
1.6044046878814697, 2.6043264865875244, 1.6364097091528045, 1732894568592845096, 
1.6044046878814697, 2.6043264865875244, 1.6364097091528045, 1732894568642780088, 
1.6044048070907593, 2.6043264865875244, 1.6364104243464332, 1732894568788145211, 
1.6044048070907593, 2.6043264865875244, 1.6364102901570392, 1732894568883081110, 
1.6044048070907593, 2.6043264865875244, 1.6364106683364417, 1732894568947918173, 
1.6044048070907593, 2.6043264865875244, 1.63641071868388, 1732894569042813515, 
1.6044048070907593, 2.6043264865875244, 1.6364112674042577, 1732894569143143080, 
1.6044048070907593, 2.6043264865875244, 1.6364107893332702, 1732894569233014018, 
1.6044048070907593, 2.6043264865875244, 1.6364106937342409, 1732894569348898023, 
1.6044048070907593, 2.6043264865875244, 1.6364103708805153, 1732894569492737891, 
1.6044048070907593, 2.6043264865875244, 1.6364105628211791, 1732894569603028882, 
1.6044048070907593, 2.6043264865875244, 1.6364103877179288, 1732894569700633144, 
1.6044048070907593, 2.6043264865875244, 1.6364103842363273, 1732894569793922895, 
1.6044048070907593, 2.6043264865875244, 1.6364103867936834, 1732894569892743463, 
1.6044048070907593, 2.6043264865875244, 1.6364103891441504, 1732894570002763086, 
1.6044048070907593, 2.6043264865875244, 1.6364103772209402, 1732894570101563758, 
1.6044048070907593, 2.6043264865875244, 1.636410520983019, 1732894570192858414, 
1.6044048070907593, 2.6043264865875244, 1.6364103301878654, 1732894570293746966, 
1.6044048070907593, 2.6043264865875244, 1.6364102726602807, 1732894570403857397, 
1.6044048070907593, 2.6043264865875244, 1.6364104110204667, 1732894570485613418, 
1.6044048070907593, 2.6043264865875244, 1.6364102173542794, 1732894570593969150, 
1.6044048070907593, 2.6043264865875244, 1.6364096723537316, 1732894570692754806, 
1.6044048070907593, 2.6043264865875244, 1.636409648312022, 1732894570793588759, 
1.6044048070907593, 2.6043264865875244, 1.6364087596800296, 1732894570884575998, 
1.6044048070907593, 2.6043264865875244, 1.6364077004789788, 1732894570992949849, 
1.6044048070907593, 2.6043264865875244, 1.636407181778188, 1732894571092967648, 
1.6044048070907593, 2.6043264865875244, 1.636405960342397, 1732894571203747607, 
1.6044048070907593, 2.6043264865875244, 1.6364054382909052, 1732894571284037244, 
1.6044048070907593, 2.6043264865875244, 1.636405451054213, 1732894571392890658, 
1.6044048070907593, 2.6043264865875244, 1.6364054432823634, 1732894571493022734, 
1.6044048070907593, 2.6043264865875244, 1.6364054432823634, 1732894571602774314, 
1.6044048070907593, 2.6043264865875244, 1.6364054432823634, 1732894571683182443, 
1.6044048070907593, 2.6043264865875244, 1.6364054432823634, 1732894571752913985, 
1.6044048070907593, 2.6043264865875244, 1.6364054432823634, 1732894571893313661, 
1.6044048070907593, 2.6043264865875244, 1.6364054432823634, 1732894572003318567, 
1.6044048070907593, 2.6043264865875244, 1.6364054432823634, 1732894572083273784, 
1.6044048070907593, 2.6043264865875244, 1.6364054432823634, 1732894572193937451, 
1.6044048070907593, 2.6043264865875244, 1.6364054432823634, 1732894572293358274, 
1.6044048070907593, 2.6043264865875244, 1.6364054432823634, 1732894572402787900, 
1.6044048070907593, 2.6043264865875244, 1.6364054432823634, 1732894572503135116, 
1.6044048070907593, 2.6043264865875244, 1.6364054432823634, 1732894572592860260, 
1.6044048070907593, 2.6043264865875244, 1.6364054432823634, 1732894572692792646, 
1.6044048070907593, 2.6043264865875244, 1.6364054432823634, 1732894572803329446, 
1.6044048070907593, 2.6043264865875244, 1.6364054432823634, 1732894572902901091, 
1.6044048070907593, 2.6043264865875244, 1.6364054432823634, 1732894572993198923, 
1.6044048070907593, 2.6043264865875244, 1.6364054432823634, 1732894573092781199, 
1.6044048070907593, 2.6043264865875244, 1.6364054432823634, 1732894573203506903, 
1.6044048070907593, 2.6043264865875244, 1.6364054432823634, 1732894573303279407, 
1.6044048070907593, 2.6043264865875244, 1.6364054432823634, 1732894573393120828, 
1.6044046878814697, 2.6043264865875244, 1.636404408135422, 1732894573492812917, 
1.6044046878814697, 2.6043264865875244, 1.6364048963860744, 1732894573542933555, 
1.6044046878814697, 2.6043264865875244, 1.6364052189192309, 1732894573603324729, 
1.6044046878814697, 2.6043264865875244, 1.6364052189192309, 1732894573653009428, 
1.6044046878814697, 2.6043264865875244, 1.63640521324616, 1732894573703678020, 
1.6044046878814697, 2.6043264865875244, 1.6364048824742092, 1732894573750299434, 
1.6044046878814697, 2.6043264865875244, 1.6364048824742092, 1732894573792876413, 
1.6044046878814697, 2.6043264865875244, 1.6364053983807256, 1732894573842853931, 
1.6044046878814697, 2.6043264865875244, 1.6364053983807256, 1732894573892806914, 
1.6044046878814697, 2.6043264865875244, 1.6364052380534313, 1732894573943969781, 
1.6044046878814697, 2.6043264865875244, 1.6364054290048873, 1732894574003451229, 
1.6044046878814697, 2.6043264865875244, 1.6364054290048873, 1732894574033194023, 
1.6044046878814697, 2.6043264865875244, 1.636405429548294, 1732894574082774313, 
1.6044046878814697, 2.6043264865875244, 1.6364053819660047, 1732894574192876879, 
1.6044046878814697, 2.6043264865875244, 1.6364048056470228, 1732894574292852365, 
1.6044046878814697, 2.6043264865875244, 1.636404198117274, 1732894574402679017, 
1.6044046878814697, 2.6043264865875244, 1.6364036345632933, 1732894574482890899, 
1.6044046878814697, 2.6043264865875244, 1.6364006924153085, 1732894576082758040, 
1.6044046878814697, 2.6043264865875244, 1.6364006924153085, 1732894576192685470, 
1.6044046878814697, 2.6043264865875244, 1.6364006924153085, 1732894576292686983, 
1.6044046878814697, 2.6043264865875244, 1.6364006924153085, 1732894576402835527, 
1.6044046878814697, 2.6043264865875244, 1.6364006924153085, 1732894576482831050, 
